5375,12,13,10165.37,1,1,1,111,Churned
6730,27,15,9870.93,2,1,1,211,Churned
7148,75,10,9638.39,3,1,1,311,Regular
5903,79,12,9598.72,3,1,1,311,Regular
7428,11,14,9328.42,1,1,1,111,Churned
6392,19,12,9272.88,1,1,1,111,Churned
7304,52,11,9145.49,3,1,1,311,Regular
5940,70,11,8952.14,3,1,1,311,Regular
7502,91,13,8746.90,4,1,1,411,Regular
7254,28,10,8737.09,2,1,1,211,Churned
6206,61,11,8727.35,3,1,1,311,Regular
5689,153,13,8675.09,4,1,1,411,Regular
6727,19,8,8486.18,1,1,1,111,Churned
5657,68,11,8482.61,3,1,1,311,Regular
7286,121,9,8464.78,4,1,1,411,Regular
5324,156,10,8375.77,5,1,1,511,New Customer
5079,151,11,8232.46,4,1,1,411,Regular
5541,25,11,8213.99,2,1,1,211,Churned
6357,192,11,8141.57,5,1,1,511,New Customer
7063,61,10,8138.04,3,1,1,311,Regular
5018,20,12,8132.82,1,1,1,111,Churned
6748,16,12,8103.01,1,1,1,111,Churned
7350,99,12,7999.88,4,1,1,411,Regular
5928,11,10,7987.16,1,1,1,111,Churned
6959,27,7,7983.60,2,2,1,221,Churned
6705,39,9,7932.71,2,1,1,211,Churned
5210,16,9,7896.95,1,1,1,111,Churned
6183,21,10,7884.01,1,1,1,111,Churned
7443,13,9,7858.44,1,1,1,111,Churned
7457,102,10,7837.97,4,1,1,411,Regular
7332,58,11,7831.01,3,1,1,311,Regular
6326,109,8,7801.28,4,1,1,411,Regular
6149,91,13,7769.85,4,1,1,411,Regular
6664,57,9,7769.14,3,1,1,311,Regular
6741,37,10,7757.65,2,1,1,211,Churned
5299,11,8,7740.55,1,1,1,111,Churned
5504,137,10,7737.48,4,1,1,411,Regular
6059,37,12,7721.06,2,1,1,211,Churned
6264,36,12,7674.34,2,1,1,211,Churned
5581,91,8,7659.50,4,1,1,411,Regular
5752,63,9,7624.73,3,1,1,311,Regular
5874,109,10,7536.92,4,1,1,411,Regular
5371,59,9,7521.65,3,1,1,311,Regular
6863,95,8,7453.73,4,1,1,411,Regular
5988,122,8,7436.02,4,1,1,411,Regular
5253,73,14,7373.86,3,1,1,311,Regular
5417,138,9,7359.82,4,1,1,411,Regular
5672,74,8,7338.09,3,1,1,311,Regular
6962,11,10,7327.47,1,1,1,111,Churned
5023,49,7,7307.46,3,2,1,321,Regular
6752,26,9,7278.47,2,1,1,211,Churned
6485,68,10,7258.87,3,1,1,311,Regular
5344,22,9,7150.84,1,1,1,111,Churned
7446,12,10,7143.15,1,1,1,111,Churned
5216,27,14,7141.95,2,1,1,211,Churned
6570,12,8,7132.49,1,1,1,111,Churned
5231,105,9,7104.34,4,1,1,411,Regular
5787,19,9,7103.03,1,1,1,111,Churned
6033,122,11,7080.73,4,1,1,411,Regular
7415,48,8,7049.06,3,1,1,311,Regular
6773,72,8,7044.53,3,1,1,311,Regular
5181,15,11,7044.48,1,1,1,111,Churned
6928,29,6,7014.28,2,2,1,221,Churned
5735,86,14,7007.75,4,1,1,411,Regular
5625,15,9,6990.19,1,1,1,111,Churned
5661,34,11,6953.42,2,1,1,211,Churned
5582,11,10,6949.58,1,1,1,111,Churned
7324,12,8,6936.49,1,1,1,111,Churned
6573,12,10,6929.61,1,1,1,111,Churned
6849,34,10,6898.56,2,1,1,211,Churned
7195,88,11,6888.13,4,1,1,411,Regular
7141,23,7,6879.05,2,2,1,221,Churned
7404,11,10,6842.32,1,1,1,111,Churned
5389,11,9,6837.98,1,1,1,111,Churned
7000,167,8,6829.21,5,1,1,511,New Customer
6957,116,8,6816.34,4,1,1,411,Regular
5102,16,9,6816.00,1,1,1,111,Churned
5080,39,10,6813.09,2,1,1,211,Churned
7365,13,7,6753.04,1,2,1,121,Churned
7190,38,9,6739.54,2,1,1,211,Churned
7378,18,8,6738.02,1,1,1,111,Churned
6550,112,11,6727.91,4,1,1,411,Regular
5525,101,10,6725.84,4,1,1,411,Regular
6657,30,9,6694.30,2,1,1,211,Churned
6198,11,8,6692.36,1,1,1,111,Churned
5789,49,12,6670.75,3,1,1,311,Regular
6858,172,8,6665.77,5,1,1,511,New Customer
6906,58,8,6656.47,3,1,1,311,Regular
7169,49,9,6634.78,3,1,1,311,Regular
5519,23,9,6617.45,2,1,1,211,Churned
6233,107,8,6609.74,4,1,1,411,Regular
5495,41,8,6592.51,2,1,1,211,Churned
6984,117,10,6572.37,4,1,1,411,Regular
7255,102,10,6571.39,4,1,1,411,Regular
6931,37,8,6571.37,2,1,1,211,Churned
6469,142,10,6566.84,4,1,1,411,Regular
6699,69,9,6550.30,3,1,1,311,Regular
6544,30,11,6545.94,2,1,1,211,Churned
6914,69,7,6544.51,3,2,1,321,Regular
7026,15,8,6530.04,1,1,1,111,Churned
5847,330,7,6516.97,5,2,1,521,Regular
6222,169,8,6516.78,5,1,1,511,New Customer
6427,95,12,6516.69,4,1,1,411,Regular
6064,83,7,6509.40,4,1,1,411,Regular
7423,75,11,6500.74,3,1,1,311,Regular
5485,171,8,6489.32,5,1,1,511,New Customer
5201,15,12,6484.75,1,1,1,111,Churned
5651,17,9,6483.33,1,1,1,111,Churned
5245,101,8,6481.38,4,1,1,411,Regular
5996,51,9,6460.34,3,1,1,311,Regular
5600,21,10,6451.50,1,1,1,111,Churned
7122,57,9,6449.08,3,1,1,311,Regular
6205,36,9,6444.10,2,1,1,211,Churned
6395,63,8,6440.10,3,1,1,311,Regular
6178,46,9,6436.89,3,1,1,311,Regular
5527,11,9,6436.41,1,1,1,111,Churned
6442,211,9,6431.49,5,1,1,511,New Customer
6340,35,10,6400.79,2,1,1,211,Churned
6297,34,13,6399.48,2,1,1,211,Churned
6818,41,9,6392.97,2,1,1,211,Churned
5465,83,11,6391.97,4,1,1,411,Regular
5696,15,7,6385.86,1,2,1,121,Churned
7375,17,8,6381.24,1,1,1,111,Churned
5977,18,8,6377.53,1,1,1,111,Churned
6864,94,7,6376.25,4,1,1,411,Regular
6765,40,10,6367.46,2,1,1,211,Churned
6486,141,7,6343.91,4,2,1,421,Regular
6174,65,8,6331.32,3,1,1,311,Regular
6649,16,7,6324.99,1,2,1,121,Churned
6860,26,10,6316.24,2,1,1,211,Churned
6414,13,10,6313.39,1,1,1,111,Churned
5875,27,8,6305.64,2,1,1,211,Churned
5778,62,10,6301.72,3,1,1,311,Regular
6221,14,10,6299.45,1,1,1,111,Churned
5421,88,9,6298.23,4,1,1,411,Regular
5072,27,9,6275.20,2,1,1,211,Churned
5991,178,10,6256.94,5,1,1,511,New Customer
6473,15,12,6234.20,1,1,1,111,Churned
5931,111,10,6188.25,4,1,1,411,Regular
5965,102,9,6186.97,4,1,1,411,Regular
6891,84,7,6186.50,4,2,1,421,Regular
6420,18,8,6177.44,1,1,1,111,Churned
6715,16,8,6171.59,1,1,1,111,Churned
6819,22,8,6168.74,1,1,1,111,Churned
6880,14,7,6168.63,1,2,1,121,Churned
5941,72,9,6163.28,3,1,1,311,Regular
5473,165,9,6158.68,5,1,1,511,New Customer
6917,13,12,6145.12,1,1,1,111,Churned
7202,78,10,6143.25,3,1,1,311,Regular
7008,50,13,6141.18,3,1,1,311,Regular
5906,12,10,6115.27,1,1,1,111,Churned
6371,26,6,6113.39,2,2,1,221,Churned
6367,64,9,6111.25,3,1,1,311,Regular
6643,14,9,6095.91,1,1,1,111,Churned
7331,120,11,6082.82,4,1,1,411,Regular
7086,98,9,6081.50,4,1,1,411,Regular
6412,54,9,6080.16,3,1,1,311,Regular
6027,129,7,6071.73,4,2,1,421,Regular
5680,19,8,6065.85,1,1,1,111,Churned
7265,13,7,6052.54,1,2,1,121,Churned
6430,89,10,6051.14,4,1,1,411,Regular
7469,64,8,6019.77,3,1,1,311,Regular
5547,30,9,6014.45,2,1,1,211,Churned
5503,63,7,6009.40,3,2,1,321,Regular
7440,192,9,6000.95,5,1,1,511,New Customer
6581,14,9,5992.16,1,1,1,111,Churned
5320,201,9,5980.77,5,1,1,511,New Customer
6920,23,8,5975.83,2,1,1,211,Churned
5544,80,7,5970.33,3,1,1,311,Regular
5580,126,10,5950.02,4,1,1,411,Regular
5814,32,7,5948.41,2,2,1,221,Churned
7288,42,6,5941.68,2,2,1,221,Churned
6737,17,5,5936.17,1,4,1,141,At Risk
6402,133,7,5934.63,4,2,1,421,Regular
5268,85,10,5933.34,4,1,1,411,Regular
6120,19,8,5932.91,1,1,1,111,Churned
6285,172,8,5921.86,5,1,1,511,New Customer
5592,28,9,5917.72,2,1,1,211,Churned
5533,205,6,5914.94,5,3,1,531,Regular
7109,31,11,5892.82,2,1,1,211,Churned
5364,202,7,5887.41,5,2,1,521,Regular
6400,19,6,5886.24,1,3,1,131,At Risk
7121,54,9,5877.34,3,1,1,311,Regular
5917,11,8,5873.06,1,1,1,111,Churned
7176,16,6,5871.81,1,2,1,121,Churned
6982,160,8,5861.76,5,1,1,511,New Customer
5780,60,7,5853.45,3,2,1,321,Regular
5926,12,7,5844.15,1,2,1,121,Churned
6654,13,10,5842.79,1,1,1,111,Churned
7476,117,9,5837.60,4,1,1,411,Regular
6930,234,8,5830.46,5,1,1,511,New Customer
7455,26,10,5815.11,2,1,1,211,Churned
5654,182,8,5813.34,5,1,1,511,New Customer
6344,148,7,5808.06,4,2,1,421,Regular
6884,69,7,5804.24,3,2,1,321,Regular
5419,23,10,5803.54,2,1,1,211,Churned
6993,41,10,5803.46,2,1,1,211,Churned
5126,14,6,5803.15,1,2,1,121,Churned
7082,116,9,5802.30,4,1,1,411,Regular
5040,33,9,5788.74,2,1,1,211,Churned
7193,140,10,5780.98,4,1,1,411,Regular
6351,125,8,5767.85,4,1,1,411,Regular
5139,15,9,5759.89,1,1,1,111,Churned
6179,30,10,5759.15,2,1,1,211,Churned
6047,26,7,5754.84,2,2,1,221,Churned
5044,40,9,5745.72,2,1,1,211,Churned
5864,38,9,5744.77,2,1,1,211,Churned
7402,37,5,5737.90,2,4,1,241,At Risk
6556,11,10,5736.41,1,1,1,111,Churned
5934,57,8,5718.86,3,1,1,311,Regular
5970,12,8,5717.19,1,1,1,111,Churned
7079,33,10,5710.58,2,1,1,211,Churned
5186,30,7,5708.67,2,2,1,221,Churned
7200,165,9,5685.33,5,1,1,511,New Customer
6211,11,8,5676.62,1,1,1,111,Churned
5219,39,12,5669.28,2,1,1,211,Churned
5909,14,8,5666.98,1,1,1,111,Churned
7461,26,11,5666.87,2,1,1,211,Churned
6317,12,8,5658.25,1,1,1,111,Churned
5303,170,9,5658.10,5,1,1,511,New Customer
7201,11,9,5652.05,1,1,1,111,Churned
6729,120,9,5649.42,4,1,1,411,Regular
6345,159,6,5643.07,5,3,1,531,Regular
7179,117,8,5640.87,4,1,1,411,Regular
7054,24,9,5634.37,2,1,1,211,Churned
6726,111,10,5633.94,4,1,1,411,Regular
6972,27,8,5632.32,2,1,1,211,Churned
7313,28,10,5624.02,2,1,1,211,Churned
7043,54,12,5621.83,3,1,1,311,Regular
6134,14,7,5619.95,1,2,1,121,Churned
7267,94,9,5611.74,4,1,1,411,Regular
6110,11,8,5611.30,1,1,1,111,Churned
6888,61,8,5607.96,3,1,1,311,Regular
5391,80,8,5605.58,3,1,1,311,Regular
5914,14,12,5604.23,1,1,1,111,Churned
6733,20,10,5594.75,1,1,1,111,Churned
5110,207,8,5592.02,5,1,1,511,New Customer
7366,93,10,5588.67,4,1,1,411,Regular
5270,14,8,5586.34,1,1,1,111,Churned
5025,40,9,5586.02,2,1,1,211,Churned
6604,33,11,5578.68,2,1,1,211,Churned
5266,80,10,5570.79,3,1,1,311,Regular
6708,79,6,5565.38,3,3,1,331,Regular
5982,108,5,5564.25,4,3,1,431,Regular
5513,41,9,5560.76,2,1,1,211,Churned
7253,452,7,5558.69,5,2,1,521,Regular
5423,71,7,5554.09,3,2,1,321,Regular
5077,54,11,5545.96,3,1,1,311,Regular
5203,389,7,5544.78,5,2,1,521,Regular
5730,52,7,5541.23,3,2,1,321,Regular
6302,151,7,5522.70,4,2,1,421,Regular
5788,32,9,5521.42,2,1,1,211,Churned
5206,19,7,5516.65,1,2,1,121,Churned
6505,15,10,5505.54,1,1,1,111,Churned
6193,51,6,5503.16,3,2,1,321,Regular
5399,46,5,5498.01,3,4,1,341,Loyal
6626,45,10,5497.68,3,1,1,311,Regular
5540,19,8,5495.77,1,1,1,111,Churned
5803,67,8,5495.32,3,1,1,311,Regular
5697,17,11,5490.66,1,1,1,111,Churned
5161,119,9,5488.09,4,1,1,411,Regular
6458,18,7,5479.46,1,2,1,121,Churned
5957,40,6,5465.04,2,2,1,221,Churned
6116,59,8,5452.35,3,1,1,311,Regular
6327,22,7,5446.60,2,2,1,221,Churned
6068,64,7,5440.70,3,2,1,321,Regular
5343,15,9,5433.34,1,1,1,111,Churned
5993,100,8,5425.41,4,1,1,411,Regular
5635,75,6,5420.57,3,3,1,331,Regular
6861,58,7,5420.54,3,2,1,321,Regular
6636,12,10,5419.19,1,1,1,111,Churned
7297,51,13,5417.91,3,1,1,311,Regular
5826,147,9,5416.76,4,1,1,411,Regular
6660,49,7,5412.21,3,2,1,321,Regular
5189,42,7,5406.76,2,2,1,221,Churned
5395,24,6,5404.26,2,3,1,231,At Risk
5330,82,8,5403.92,4,1,1,411,Regular
5609,31,8,5400.94,2,1,1,211,Churned
6410,13,6,5393.99,1,2,1,121,Churned
6284,80,8,5393.24,3,1,1,311,Regular
6083,19,10,5383.66,1,1,1,111,Churned
5208,43,7,5383.63,2,2,1,221,Churned
6268,71,9,5383.45,3,1,1,311,Regular
5856,97,10,5371.61,4,1,1,411,Regular
5236,57,5,5366.18,3,3,1,331,Regular
5975,46,7,5361.66,3,2,1,321,Regular
6537,70,9,5355.72,3,1,1,311,Regular
5563,22,10,5350.46,2,1,1,211,Churned
7146,302,7,5341.46,5,2,1,521,Regular
6235,16,10,5338.21,1,1,1,111,Churned
7435,64,10,5331.49,3,1,1,311,Regular
7237,61,7,5329.59,3,2,1,321,Regular
7226,66,8,5328.26,3,1,1,311,Regular
7468,60,5,5318.79,3,3,1,331,Regular
6354,21,10,5317.77,1,1,1,111,Churned
5113,13,9,5315.15,1,1,1,111,Churned
7022,34,9,5313.05,2,1,1,211,Churned
7207,31,7,5302.55,2,2,1,221,Churned
6970,39,7,5299.41,2,2,1,221,Churned
6343,66,8,5299.21,3,1,1,311,Regular
7336,54,7,5292.93,3,2,1,321,Regular
7224,19,8,5291.10,1,1,1,111,Churned
6048,58,6,5286.30,3,3,1,331,Regular
6236,58,7,5282.47,3,2,1,321,Regular
6325,11,7,5278.83,1,2,1,121,Churned
7102,41,7,5276.18,2,2,1,221,Churned
7162,95,7,5275.23,4,1,1,411,Regular
7073,24,7,5268.01,2,2,1,221,Churned
6212,12,11,5263.30,1,1,1,111,Churned
7385,15,10,5253.36,1,1,1,111,Churned
5922,252,8,5253.02,5,1,1,511,New Customer
5262,39,7,5252.65,2,2,1,221,Churned
6977,77,6,5236.30,3,3,1,331,Regular
7219,58,6,5236.22,3,3,1,331,Regular
5688,82,7,5234.64,4,1,1,411,Regular
7247,111,8,5233.66,4,1,1,411,Regular
5264,149,6,5227.91,4,3,1,431,Regular
6231,170,7,5223.25,5,2,1,521,Regular
6750,93,8,5223.03,4,1,1,411,Regular
5098,95,7,5213.76,4,1,1,411,Regular
6539,30,6,5211.73,2,2,1,221,Churned
5997,94,9,5202.05,4,1,1,411,Regular
6526,102,7,5199.70,4,1,1,411,Regular
5127,13,10,5197.56,1,1,1,111,Churned
6650,78,10,5175.89,3,1,1,311,Regular
5122,15,9,5167.46,1,1,1,111,Churned
6030,13,9,5165.87,1,1,1,111,Churned
6157,101,8,5164.52,4,1,1,411,Regular
7364,31,8,5163.87,2,1,1,211,Churned
5172,27,7,5152.38,2,2,1,221,Churned
5076,333,5,5149.56,5,4,1,541,Loyal
6324,374,6,5143.13,5,2,1,521,Regular
6619,33,6,5141.31,2,2,1,221,Churned
6152,124,7,5140.45,4,2,1,421,Regular
5510,42,9,5140.02,2,1,1,211,Churned
5612,83,6,5133.81,4,3,1,431,Regular
5799,35,7,5133.33,2,2,1,221,Churned
5967,76,7,5131.38,3,2,1,321,Regular
6196,27,8,5130.42,2,1,1,211,Churned
6749,11,7,5127.94,1,2,1,121,Churned
7156,14,8,5124.51,1,1,1,111,Churned
5587,14,8,5123.17,1,1,1,111,Churned
6577,32,8,5115.66,2,1,1,211,Churned
6254,65,7,5112.13,3,2,1,321,Regular
7077,57,8,5110.53,3,1,1,311,Regular
5171,42,8,5109.77,2,1,1,211,Churned
7316,26,8,5108.72,2,1,1,211,Churned
5115,42,9,5094.76,2,1,1,211,Churned
5867,28,8,5093.56,2,1,1,211,Churned
6778,53,8,5087.75,3,1,1,311,Regular
7486,24,6,5085.43,2,3,1,231,At Risk
7115,21,7,5084.07,1,2,1,121,Churned
6922,332,5,5081.07,5,4,1,541,Loyal
5167,208,9,5079.61,5,1,1,511,New Customer
6974,51,8,5075.73,3,1,1,311,Regular
6557,168,7,5072.99,5,2,1,521,Regular
7303,18,6,5067.46,1,2,1,121,Churned
5708,17,8,5065.76,1,1,1,111,Churned
6673,136,7,5062.99,4,2,1,421,Regular
5470,14,7,5060.51,1,2,1,121,Churned
7089,11,10,5059.03,1,1,1,111,Churned
5693,42,7,5055.36,2,2,1,221,Churned
5555,135,7,5054.86,4,2,1,421,Regular
7013,74,8,5054.10,3,1,1,311,Regular
5726,92,7,5044.75,4,1,1,411,Regular
5920,68,6,5044.35,3,3,1,331,Regular
7394,51,7,5043.36,3,2,1,321,Regular
6477,101,6,5043.06,4,3,1,431,Regular
5719,32,8,5036.36,2,1,1,211,Churned
6940,60,10,5034.56,3,1,1,311,Regular
5017,57,9,5034.03,3,1,1,311,Regular
7210,26,8,5026.98,2,1,1,211,Churned
7072,186,7,5021.59,5,2,1,521,Regular
6665,54,7,5021.12,3,2,1,321,Regular
5627,140,6,5019.94,4,3,1,431,Regular
6219,176,7,5010.05,5,2,1,521,Regular
6312,43,8,5008.32,2,1,1,211,Churned
5800,105,6,5000.37,4,3,1,431,Regular
5740,145,7,5000.12,4,2,1,421,Regular
6607,72,8,4998.15,3,1,1,311,Regular
5685,77,8,4997.19,3,1,1,311,Regular
5254,14,7,4994.02,1,2,1,121,Churned
6832,54,6,4988.27,3,2,1,321,Regular
5606,82,10,4987.46,4,1,1,411,Regular
5398,13,10,4983.42,1,1,1,111,Churned
6334,106,5,4981.05,4,3,1,431,Regular
6784,15,7,4971.46,1,2,1,121,Churned
5233,19,9,4971.38,1,1,1,111,Churned
5549,27,6,4968.74,2,2,1,221,Churned
7093,119,7,4966.36,4,2,1,421,Regular
5388,136,8,4957.33,4,1,1,411,Regular
6061,18,7,4954.65,1,2,1,121,Churned
7258,47,6,4950.73,3,2,1,321,Regular
7003,36,7,4949.15,2,2,1,221,Churned
7186,33,9,4946.01,2,1,1,211,Churned
6239,98,6,4945.30,4,3,1,431,Regular
7330,39,5,4934.83,2,4,1,241,At Risk
6012,74,6,4934.65,3,3,1,331,Regular
6751,68,7,4920.61,3,2,1,321,Regular
5530,58,6,4916.62,3,3,1,331,Regular
5871,190,7,4916.20,5,2,1,521,Regular
6040,73,8,4914.57,3,1,1,311,Regular
5927,96,5,4908.90,4,3,1,431,Regular
7238,28,9,4908.26,2,1,1,211,Churned
7327,28,7,4907.41,2,2,1,221,Churned
7070,207,7,4907.22,5,2,1,521,Regular
7142,33,8,4905.00,2,1,1,211,Churned
7363,24,8,4900.27,2,1,1,211,Churned
6122,117,10,4890.93,4,1,1,411,Regular
6241,23,7,4889.55,2,2,1,221,Churned
7204,12,7,4886.85,1,2,1,121,Churned
6809,36,6,4881.56,2,2,1,221,Churned
5844,99,8,4881.19,4,1,1,411,Regular
5633,14,6,4881.05,1,2,1,121,Churned
6897,14,11,4879.90,1,1,1,111,Churned
5865,31,7,4877.00,2,2,1,221,Churned
5836,198,9,4874.49,5,1,1,511,New Customer
5887,106,11,4873.75,4,1,1,411,Regular
6529,41,7,4872.54,2,2,1,221,Churned
6424,15,7,4871.63,1,2,1,121,Churned
6871,62,7,4868.51,3,2,1,321,Regular
7287,11,7,4866.27,1,2,1,121,Churned
6687,64,7,4863.29,3,2,1,321,Regular
7263,23,9,4862.37,2,1,1,211,Churned
6934,18,7,4859.69,1,2,1,121,Churned
5818,21,8,4859.57,1,1,1,111,Churned
6795,67,6,4855.52,3,3,1,331,Regular
5226,630,4,4854.73,5,4,1,541,Loyal
6003,124,10,4853.58,4,1,1,411,Regular
7275,140,10,4851.67,4,1,1,411,Regular
5741,66,10,4834.49,3,1,1,311,Regular
5729,91,8,4834.00,4,1,1,411,Regular
6691,492,5,4829.07,5,4,1,541,Loyal
5107,79,6,4825.28,3,3,1,331,Regular
7474,24,7,4809.12,2,2,1,221,Churned
6908,156,6,4806.26,5,3,1,531,Regular
5640,168,5,4801.12,5,3,1,531,Regular
6807,29,7,4797.46,2,2,1,221,Churned
5976,21,5,4796.15,1,3,1,131,At Risk
6194,13,11,4787.92,1,1,1,111,Churned
7170,58,7,4784.92,3,2,1,321,Regular
6593,110,6,4783.55,4,3,1,431,Regular
6949,443,7,4783.28,5,2,1,521,Regular
7426,17,7,4778.05,1,2,1,121,Churned
6647,74,7,4775.35,3,2,1,321,Regular
5185,58,7,4773.41,3,2,1,321,Regular
6512,40,7,4770.36,2,2,1,221,Churned
5483,280,6,4763.58,5,3,1,531,Regular
6237,26,5,4762.55,2,4,1,241,At Risk
5805,14,7,4758.20,1,2,1,121,Churned
6164,65,7,4757.57,3,2,1,321,Regular
6136,70,9,4756.87,3,1,1,311,Regular
7464,25,6,4753.19,2,2,1,221,Churned
7354,15,7,4746.04,1,2,1,121,Churned
5861,12,7,4740.44,1,2,1,121,Churned
5173,117,5,4736.19,4,3,1,431,Regular
6160,47,7,4733.37,3,2,1,321,Regular
6286,38,6,4727.07,2,2,1,221,Churned
5610,119,8,4719.36,4,1,1,411,Regular
5643,131,6,4715.89,4,3,1,431,Regular
6776,67,6,4708.90,3,3,1,331,Regular
5204,23,7,4708.30,2,2,1,221,Churned
5958,13,6,4706.23,1,2,1,121,Churned
6121,118,9,4705.27,4,1,1,411,Regular
5414,39,5,4704.86,2,4,1,241,At Risk
5306,15,6,4703.45,1,2,1,121,Churned
6081,23,7,4702.28,2,2,1,221,Churned
5755,247,6,4699.05,5,3,1,531,Regular
7449,22,7,4698.36,2,2,1,221,Churned
6945,64,10,4695.56,3,1,1,311,Regular
6163,13,5,4692.39,1,4,1,141,At Risk
5184,210,6,4692.02,5,3,1,531,Regular
5267,98,5,4691.51,4,3,1,431,Regular
6115,18,5,4689.11,1,3,1,131,At Risk
6624,33,6,4688.63,2,2,1,221,Churned
5663,14,11,4684.30,1,1,1,111,Churned
7413,26,6,4675.29,2,2,1,221,Churned
7055,14,7,4674.53,1,2,1,121,Churned
6184,22,5,4674.20,2,3,1,231,At Risk
6804,40,6,4669.78,2,2,1,221,Churned
6060,141,5,4668.59,4,3,1,431,Regular
6483,20,5,4661.05,1,3,1,131,At Risk
6281,337,4,4659.46,5,4,1,541,Loyal
6080,29,9,4655.99,2,1,1,211,Churned
6082,64,6,4653.70,3,3,1,331,Regular
7249,62,5,4652.70,3,3,1,331,Regular
5137,42,12,4652.18,2,1,1,211,Churned
7451,58,6,4648.79,3,3,1,331,Regular
5757,18,7,4648.13,1,2,1,121,Churned
7437,45,6,4643.76,3,2,1,321,Regular
6600,136,9,4643.69,4,1,1,411,Regular
5354,14,6,4643.38,1,2,1,121,Churned
6662,71,6,4643.18,3,3,1,331,Regular
6659,35,8,4635.00,2,1,1,211,Churned
7419,98,7,4633.19,4,1,1,411,Regular
7083,84,6,4631.08,4,3,1,431,Regular
7360,63,10,4630.20,3,1,1,311,Regular
6192,22,6,4629.95,1,3,1,131,At Risk
6447,63,10,4626.98,3,1,1,311,Regular
5247,226,5,4619.48,5,3,1,531,Regular
6017,161,7,4613.63,5,2,2,522,Regular
5508,11,10,4612.85,1,1,2,112,Churned
5147,71,7,4612.01,3,2,2,322,Regular
6810,120,5,4605.60,4,3,2,432,Regular
6303,16,9,4604.55,1,1,2,112,Churned
5088,71,7,4604.52,3,2,2,322,Regular
7245,31,10,4604.46,2,1,2,212,Churned
7111,148,4,4598.18,4,4,2,442,Loyal
5459,106,6,4598.00,4,3,2,432,Regular
6362,11,7,4596.84,1,2,2,122,Churned
6127,51,8,4594.11,3,1,2,312,Regular
5866,27,6,4592.45,2,2,2,222,Churned
7309,15,8,4587.45,1,1,2,112,Churned
6119,14,7,4586.27,1,2,2,122,Churned
7397,15,7,4583.06,1,2,2,122,Churned
5961,36,6,4580.17,2,2,2,222,Churned
5802,29,6,4580.00,2,2,2,222,Churned
5886,15,8,4579.80,1,1,2,112,Churned
7211,440,8,4577.34,5,1,2,512,New Customer
5345,12,7,4575.88,1,2,2,122,Churned
5221,42,12,4568.38,2,1,2,212,Churned
7174,300,7,4567.54,5,2,2,522,Regular
5403,143,5,4564.83,4,3,2,432,Regular
6609,64,6,4564.62,3,3,2,332,Regular
6172,35,5,4563.35,2,4,2,242,At Risk
5429,13,4,4559.03,1,4,2,142,At Risk
6161,227,8,4550.64,5,1,2,512,New Customer
7412,43,6,4547.24,3,2,2,322,Regular
7019,120,6,4542.33,4,3,2,432,Regular
5132,17,8,4542.24,1,1,2,112,Churned
6734,265,6,4538.42,5,3,2,532,Regular
5225,33,7,4532.50,2,2,2,222,Churned
6936,23,6,4530.06,2,3,2,232,At Risk
5168,24,8,4516.75,2,1,2,212,Churned
5857,18,6,4516.61,1,3,2,132,At Risk
5199,123,7,4515.97,4,2,2,422,Regular
5666,28,8,4509.23,2,1,2,212,Churned
6547,334,7,4500.91,5,2,2,522,Regular
5682,101,6,4497.73,4,3,2,432,Regular
5316,23,6,4489.17,2,3,2,232,At Risk
5003,109,5,4487.72,4,3,2,432,Regular
5589,19,9,4483.66,1,1,2,112,Churned
5954,131,7,4483.43,4,2,2,422,Regular
6634,134,10,4482.11,4,1,2,412,Regular
6703,17,9,4480.76,1,1,2,112,Churned
6538,186,6,4478.11,5,3,2,532,Regular
7481,63,10,4477.13,3,1,2,312,Regular
5237,44,7,4475.62,3,2,2,322,Regular
5782,57,6,4473.96,3,3,2,332,Regular
7334,171,6,4470.55,5,3,2,532,Regular
6904,64,9,4464.91,3,1,2,312,Regular
7325,13,5,4464.16,1,4,2,142,At Risk
6991,95,7,4458.88,4,1,2,412,Regular
5382,144,5,4455.98,4,3,2,432,Regular
6563,29,9,4451.85,2,1,2,212,Churned
6267,20,6,4445.50,1,3,2,132,At Risk
7296,140,9,4445.15,4,1,2,412,Regular
6716,68,6,4444.60,3,3,2,332,Regular
5289,74,7,4435.16,3,2,2,322,Regular
6631,33,6,4434.20,2,2,2,222,Churned
7130,169,5,4433.87,5,3,2,532,Regular
6336,14,7,4433.62,1,2,2,122,Churned
7154,12,9,4432.46,1,1,2,112,Churned
6140,44,9,4431.27,3,1,2,312,Regular
6579,44,8,4429.74,3,1,2,312,Regular
5418,41,8,4429.63,2,1,2,212,Churned
7126,146,6,4425.61,4,3,2,432,Regular
6088,22,8,4424.58,2,1,2,212,Churned
5995,14,7,4419.66,1,2,2,122,Churned
7143,156,5,4419.48,5,3,2,532,Regular
5517,105,9,4412.18,4,1,2,412,Regular
5251,48,10,4411.43,3,1,2,312,Regular
5816,207,6,4411.20,5,3,2,532,Regular
7395,41,6,4411.17,2,2,2,222,Churned
5714,306,9,4410.76,5,1,2,512,New Customer
5812,13,5,4407.65,1,4,2,142,At Risk
6627,57,5,4406.84,3,3,2,332,Regular
5283,37,7,4401.71,2,2,2,222,Churned
6963,43,6,4396.08,2,2,2,222,Churned
5722,14,7,4390.05,1,2,2,122,Churned
5919,11,6,4388.94,1,2,2,122,Churned
6085,132,6,4387.39,4,3,2,432,Regular
6935,189,5,4379.48,5,3,2,532,Regular
5064,95,9,4378.02,4,1,2,412,Regular
6244,43,8,4374.16,3,1,2,312,Regular
7405,31,7,4369.57,2,2,2,222,Churned
7221,29,7,4369.18,2,2,2,222,Churned
6359,11,9,4363.27,1,1,2,112,Churned
7246,82,6,4359.89,4,3,2,432,Regular
6851,22,8,4357.20,2,1,2,212,Churned
6536,50,6,4352.00,3,2,2,322,Regular
6298,100,7,4351.27,4,1,2,412,Regular
6532,58,4,4347.83,3,4,2,342,Loyal
7067,39,9,4347.51,2,1,2,212,Churned
5432,351,6,4346.79,5,2,2,522,Regular
5721,21,4,4346.74,1,4,2,142,At Risk
6487,77,5,4340.55,3,3,2,332,Regular
5863,214,9,4339.99,5,1,2,512,New Customer
6630,12,6,4337.38,1,2,2,122,Churned
5804,189,8,4334.24,5,1,2,512,New Customer
5742,11,9,4333.86,1,1,2,112,Churned
6728,31,5,4331.41,2,4,2,242,At Risk
7494,27,9,4330.68,2,1,2,212,Churned
6924,93,7,4330.41,4,2,2,422,Regular
6919,51,6,4329.00,3,2,2,322,Regular
5936,40,7,4326.50,2,2,2,222,Churned
5952,20,5,4322.88,1,3,2,132,At Risk
7001,41,7,4320.16,2,2,2,222,Churned
5611,15,7,4318.94,1,2,2,122,Churned
5660,195,4,4312.73,5,4,2,542,Loyal
5898,55,7,4310.77,3,2,2,322,Regular
7264,71,6,4309.13,3,3,2,332,Regular
7229,138,6,4301.82,4,3,2,432,Regular
7345,132,6,4300.09,4,3,2,432,Regular
5823,29,7,4300.02,2,2,2,222,Churned
6002,102,5,4298.96,4,3,2,432,Regular
6978,69,7,4297.99,3,2,2,322,Regular
5163,102,5,4297.25,4,3,2,432,Regular
6128,13,7,4295.88,1,2,2,122,Churned
6322,19,9,4291.42,1,1,2,112,Churned
5910,51,6,4290.89,3,2,2,322,Regular
6883,24,8,4284.16,2,1,2,212,Churned
5119,36,8,4283.56,2,1,2,212,Churned
5808,209,7,4282.87,5,2,2,522,Regular
6145,31,10,4282.05,2,1,2,212,Churned
5452,32,8,4279.34,2,1,2,212,Churned
6509,18,6,4276.79,1,3,2,132,At Risk
6845,48,9,4276.21,3,1,2,312,Regular
6742,39,7,4272.14,2,2,2,222,Churned
6498,122,6,4269.51,4,3,2,432,Regular
7483,380,9,4266.33,5,1,2,512,New Customer
6111,13,9,4263.51,1,1,2,112,Churned
6814,286,8,4261.29,5,1,2,512,New Customer
6534,76,7,4260.57,3,2,2,322,Regular
6162,17,8,4260.49,1,1,2,112,Churned
6999,194,7,4259.32,5,2,2,522,Regular
5034,131,8,4259.10,4,1,2,412,Regular
5489,49,7,4256.22,3,2,2,322,Regular
5964,34,6,4255.67,2,2,2,222,Churned
7343,18,8,4250.37,1,1,2,112,Churned
6520,105,7,4250.07,4,1,2,412,Regular
7466,22,8,4248.74,2,1,2,212,Churned
6584,203,7,4247.16,5,2,2,522,Regular
6129,80,7,4244.31,4,1,2,412,Regular
5469,239,9,4242.73,5,1,2,512,New Customer
6187,91,5,4242.60,4,3,2,432,Regular
6103,28,6,4241.39,2,2,2,222,Churned
5200,237,7,4241.26,5,2,2,522,Regular
5412,96,5,4241.10,4,3,2,432,Regular
7012,33,6,4239.31,2,2,2,222,Churned
7181,218,6,4233.91,5,3,2,532,Regular
5229,59,5,4225.19,3,3,2,332,Regular
6800,60,5,4224.74,3,3,2,332,Regular
5301,11,9,4218.39,1,1,2,112,Churned
5274,23,9,4212.15,2,1,2,212,Churned
7341,29,5,4210.96,2,4,2,242,At Risk
5286,14,5,4206.83,1,4,2,142,At Risk
6938,23,8,4203.60,2,1,2,212,Churned
7094,33,8,4197.40,2,1,2,212,Churned
5623,101,7,4196.42,4,1,2,412,Regular
5834,56,8,4195.82,3,1,2,312,Regular
5177,123,5,4194.76,4,3,2,432,Regular
6096,14,7,4183.28,1,2,2,122,Churned
6077,11,7,4182.39,1,2,2,122,Churned
6097,26,6,4181.87,2,2,2,222,Churned
5773,156,7,4180.60,5,2,2,522,Regular
6296,11,5,4180.04,1,4,2,142,At Risk
5228,31,5,4178.15,2,4,2,242,At Risk
7450,135,6,4175.45,4,3,2,432,Regular
5734,107,6,4173.85,4,3,2,432,Regular
6882,18,7,4173.52,1,2,2,122,Churned
7051,204,7,4173.20,5,2,2,522,Regular
6967,11,6,4170.08,1,2,2,122,Churned
6019,12,6,4168.20,1,2,2,122,Churned
7308,53,6,4167.48,3,2,2,322,Regular
5602,15,10,4162.87,1,1,2,112,Churned
6331,13,6,4157.54,1,2,2,122,Churned
5925,228,8,4157.29,5,1,2,512,New Customer
7445,25,7,4153.61,2,2,2,222,Churned
5140,123,7,4150.70,4,2,2,422,Regular
7167,26,8,4149.20,2,1,2,212,Churned
7244,123,7,4149.18,4,2,2,422,Regular
6952,200,7,4147.46,5,2,2,522,Regular
5144,33,7,4142.72,2,2,2,222,Churned
6516,98,10,4138.11,4,1,2,412,Regular
5797,298,6,4136.87,5,3,2,532,Regular
7120,18,4,4135.97,1,4,2,142,At Risk
6791,199,9,4133.26,5,1,2,512,New Customer
5577,13,7,4131.02,1,2,2,122,Churned
5120,31,8,4130.67,2,1,2,212,Churned
7113,22,6,4130.63,1,3,2,132,At Risk
5232,110,6,4127.05,4,3,2,432,Regular
5275,275,5,4122.16,5,3,2,532,Regular
5664,170,6,4120.34,5,3,2,532,Regular
6853,17,6,4118.95,1,2,2,122,Churned
7425,139,6,4117.76,4,3,2,432,Regular
5146,20,7,4117.61,1,2,2,122,Churned
5138,78,5,4117.45,3,3,2,332,Regular
5235,36,6,4116.66,2,2,2,222,Churned
5490,44,9,4113.11,3,1,2,312,Regular
5868,53,7,4106.61,3,2,2,322,Regular
7058,70,6,4106.26,3,3,2,332,Regular
5009,17,6,4105.40,1,2,2,122,Churned
6981,79,6,4103.10,3,3,2,332,Regular
5749,12,8,4102.29,1,1,2,112,Churned
7220,76,5,4099.94,3,3,2,332,Regular
6833,61,7,4099.06,3,2,2,322,Regular
5351,11,5,4092.19,1,4,2,142,At Risk
7318,36,5,4088.08,2,4,2,242,At Risk
7421,25,6,4085.96,2,2,2,222,Churned
6763,78,8,4085.30,3,1,2,312,Regular
6383,194,6,4083.43,5,3,2,532,Regular
6747,75,5,4083.20,3,3,2,332,Regular
5500,20,7,4081.59,1,2,2,122,Churned
6582,18,8,4079.32,1,1,2,112,Churned
5890,11,7,4075.69,1,2,2,122,Churned
6597,68,8,4071.84,3,1,2,312,Regular
5435,11,7,4071.13,1,2,2,122,Churned
6087,127,8,4071.02,4,1,2,412,Regular
6841,81,5,4068.43,4,3,2,432,Regular
6811,94,6,4068.24,4,3,2,432,Regular
6155,42,7,4066.44,2,2,2,222,Churned
6911,31,7,4063.45,2,2,2,222,Churned
6704,11,7,4063.01,1,2,2,122,Churned
7433,23,10,4060.73,2,1,2,212,Churned
7232,48,6,4059.07,3,2,2,322,Regular
6780,13,6,4056.34,1,2,2,122,Churned
6204,405,5,4055.91,5,4,2,542,Loyal
5574,18,6,4055.78,1,2,2,122,Churned
6895,34,8,4054.31,2,1,2,212,Churned
6364,89,8,4049.50,4,1,2,412,Regular
5410,11,4,4048.30,1,4,2,142,At Risk
7108,95,7,4045.47,4,1,2,412,Regular
5011,376,5,4042.44,5,4,2,542,Loyal
5960,199,5,4042.26,5,3,2,532,Regular
7347,31,6,4040.52,2,2,2,222,Churned
6786,79,5,4039.57,3,3,2,332,Regular
5334,21,7,4036.16,1,2,2,122,Churned
6803,18,7,4036.00,1,2,2,122,Churned
7092,33,6,4033.08,2,2,2,222,Churned
6387,75,5,4029.96,3,3,2,332,Regular
5090,127,5,4029.56,4,3,2,432,Regular
5959,189,8,4028.52,5,1,2,512,New Customer
5980,19,8,4026.85,1,1,2,112,Churned
5218,42,8,4025.34,2,1,2,212,Churned
5935,20,7,4023.70,1,2,2,122,Churned
5335,316,6,4023.64,5,2,2,522,Regular
6011,426,6,4022.07,5,2,2,522,Regular
5348,269,8,4017.62,5,1,2,512,New Customer
7216,174,6,4017.28,5,3,2,532,Regular
7107,30,3,4017.26,2,5,2,252,At Risk
5165,67,9,4016.15,3,1,2,312,Regular
5401,100,6,4015.66,4,3,2,432,Regular
6330,29,6,4014.67,2,2,2,222,Churned
6370,35,4,4010.84,2,4,2,242,At Risk
6108,26,5,4010.77,2,4,2,242,At Risk
5842,30,7,4010.44,2,2,2,222,Churned
7279,54,9,4009.47,3,1,2,312,Regular
6702,42,8,4009.43,2,1,2,212,Churned
6497,241,5,4005.10,5,3,2,532,Regular
7342,408,6,4001.16,5,2,2,522,Regular
7002,140,5,4000.05,4,3,2,432,Regular
6821,283,5,3998.03,5,3,2,532,Regular
6445,164,5,3997.34,5,3,2,532,Regular
5215,17,8,3996.62,1,1,2,112,Churned
6578,54,5,3993.15,3,4,2,342,Loyal
6769,63,8,3988.75,3,1,2,312,Regular
5840,17,6,3984.45,1,2,2,122,Churned
6118,30,7,3976.79,2,2,2,222,Churned
6025,47,7,3975.30,3,2,2,322,Regular
5195,17,7,3974.95,1,2,2,122,Churned
6682,16,6,3973.95,1,2,2,122,Churned
5456,27,8,3973.90,2,1,2,212,Churned
6385,75,4,3973.63,3,4,2,342,Loyal
6247,114,7,3971.67,4,2,2,422,Regular
5400,31,7,3970.78,2,2,2,222,Churned
5458,33,4,3969.30,2,4,2,242,At Risk
5585,53,6,3966.18,3,2,2,322,Regular
5455,12,7,3957.46,1,2,2,122,Churned
6416,35,6,3957.37,2,2,2,222,Churned
6605,16,8,3956.00,1,1,2,112,Churned
6144,144,7,3954.44,4,2,2,422,Regular
5713,13,7,3953.96,1,2,2,122,Churned
5620,268,4,3953.96,5,4,2,542,Loyal
6602,146,8,3952.88,4,1,2,412,Regular
7406,40,4,3951.40,2,4,2,242,At Risk
6379,27,6,3948.59,2,2,2,222,Churned
5889,37,7,3941.75,2,2,2,222,Churned
5576,120,5,3932.78,4,3,2,432,Regular
5031,242,5,3928.22,5,3,2,532,Regular
7042,243,6,3926.87,5,3,2,532,Regular
7230,47,10,3925.72,3,1,2,312,Regular
6910,40,5,3921.57,2,4,2,242,At Risk
7335,37,7,3920.28,2,2,2,222,Churned
5152,16,6,3919.66,1,2,2,122,Churned
6948,44,8,3918.83,3,1,2,312,Regular
5302,17,8,3917.31,1,1,2,112,Churned
5833,66,9,3913.42,3,1,2,312,Regular
6373,97,4,3910.48,4,5,2,452,Loyal
6551,11,6,3906.19,1,2,2,122,Churned
6409,90,5,3905.00,4,3,2,432,Regular
6020,20,6,3902.49,1,3,2,132,At Risk
6449,22,5,3897.61,1,3,2,132,At Risk
7276,59,4,3893.82,3,4,2,342,Loyal
5983,22,6,3893.54,1,3,2,132,At Risk
5143,286,6,3889.72,5,3,2,532,Regular
7182,215,5,3887.90,5,3,2,532,Regular
6568,13,4,3885.84,1,4,2,142,At Risk
6001,54,7,3883.15,3,2,2,322,Regular
5162,34,6,3882.87,2,2,2,222,Churned
5430,207,4,3878.64,5,4,2,542,Loyal
6434,40,8,3874.87,2,1,2,212,Churned
6195,31,7,3871.06,2,2,2,222,Churned
7025,243,6,3869.67,5,3,2,532,Regular
5339,11,8,3866.86,1,1,2,112,Churned
5758,49,10,3864.50,3,1,2,312,Regular
6531,26,5,3860.19,2,4,2,242,At Risk
7300,129,7,3854.82,4,2,2,422,Regular
6764,19,6,3850.02,1,3,2,132,At Risk
6378,196,6,3848.51,5,3,2,532,Regular
6079,36,6,3844.43,2,2,2,222,Churned
6881,53,7,3842.58,3,2,2,322,Regular
7305,211,5,3841.65,5,3,2,532,Regular
6648,283,5,3839.97,5,3,2,532,Regular
5524,42,6,3839.54,2,2,2,222,Churned
5004,153,4,3837.47,4,4,2,442,Loyal
5709,238,8,3836.59,5,1,2,512,New Customer
7206,14,7,3836.13,1,2,2,122,Churned
5288,46,5,3835.41,3,4,2,342,Loyal
5433,174,5,3835.03,5,3,2,532,Regular
6592,28,9,3835.00,2,1,2,212,Churned
6966,13,7,3834.26,1,2,2,122,Churned
5205,105,5,3832.73,4,3,2,432,Regular
5790,130,6,3832.32,4,3,2,432,Regular
7488,29,7,3825.90,2,2,2,222,Churned
6366,16,5,3824.57,1,3,2,132,At Risk
6943,56,9,3820.81,3,1,2,312,Regular
5328,11,6,3820.70,1,2,2,122,Churned
6309,12,5,3819.03,1,4,2,142,At Risk
5705,29,7,3815.72,2,2,2,222,Churned
5652,72,6,3813.70,3,3,2,332,Regular
5028,19,7,3813.14,1,2,2,122,Churned
5258,135,7,3810.48,4,2,2,422,Regular
6374,281,5,3802.76,5,3,2,532,Regular
5014,11,7,3801.44,1,2,2,122,Churned
5597,29,4,3789.79,2,4,2,242,At Risk
6377,39,3,3789.69,2,5,2,252,At Risk
6554,153,5,3788.02,5,3,2,532,Regular
6035,47,5,3783.37,3,4,2,342,Loyal
5892,14,6,3783.21,1,2,2,122,Churned
5498,18,9,3780.88,1,1,2,112,Churned
5955,86,6,3778.62,4,3,2,432,Regular
5531,31,6,3777.05,2,2,2,222,Churned
6180,22,5,3775.89,1,3,2,132,At Risk
6653,11,7,3774.36,1,2,2,122,Churned
5662,172,4,3774.16,5,4,2,542,Loyal
5484,56,9,3774.08,3,1,2,312,Regular
6822,14,7,3773.79,1,2,2,122,Churned
7024,42,6,3773.52,2,2,2,222,Churned
6468,61,7,3771.05,3,2,2,322,Regular
7359,40,4,3770.77,2,4,2,242,At Risk
5720,115,6,3769.08,4,3,2,432,Regular
6873,149,4,3762.58,4,4,2,442,Loyal
6201,16,4,3762.41,1,4,2,142,At Risk
6565,73,6,3760.30,3,3,2,332,Regular
7039,135,6,3758.44,4,3,2,432,Regular
7367,19,6,3757.96,1,3,2,132,At Risk
5101,55,6,3756.52,3,3,2,332,Regular
6226,45,8,3756.29,3,1,2,312,Regular
6263,20,8,3755.57,1,1,2,112,Churned
6072,12,7,3753.28,1,2,2,122,Churned
6925,23,6,3753.00,2,3,2,232,At Risk
7252,43,5,3751.82,2,4,2,242,At Risk
6032,96,7,3750.66,4,1,2,412,Regular
7448,199,6,3747.56,5,3,2,532,Regular
5156,122,6,3746.04,4,3,2,432,Regular
5878,150,6,3745.05,4,3,2,432,Regular
5499,15,7,3738.31,1,2,2,122,Churned
5692,23,7,3737.91,2,2,2,222,Churned
6885,19,4,3732.23,1,4,2,142,At Risk
6854,23,5,3727.36,2,3,2,232,At Risk
5453,13,8,3723.68,1,1,2,112,Churned
5514,11,5,3723.61,1,4,2,142,At Risk
7323,187,3,3722.80,5,5,2,552,Loyal
5409,181,7,3720.07,5,2,2,522,Regular
6223,128,5,3713.93,4,3,2,432,Regular
5322,63,7,3713.68,3,2,2,322,Regular
5575,126,4,3713.23,4,4,2,442,Loyal
6339,60,6,3710.40,3,3,2,332,Regular
6054,24,5,3702.80,2,3,2,232,At Risk
6041,382,5,3701.78,5,4,2,542,Loyal
7459,54,5,3698.72,3,4,2,342,Loyal
6875,27,6,3697.59,2,2,2,222,Churned
7185,31,11,3696.64,2,1,2,212,Churned
6451,34,5,3695.98,2,4,2,242,At Risk
5385,49,6,3694.24,3,2,2,322,Regular
5280,445,5,3692.51,5,4,2,542,Loyal
6431,120,8,3692.28,4,1,2,412,Regular
5764,44,8,3692.11,3,1,2,312,Regular
5595,98,7,3691.72,4,1,2,412,Regular
5476,124,3,3687.17,4,5,2,452,Loyal
6260,19,7,3683.56,1,2,2,122,Churned
5436,120,7,3681.92,4,2,2,422,Regular
5207,107,5,3681.50,4,3,2,432,Regular
5759,33,4,3681.23,2,4,2,242,At Risk
6666,23,7,3679.37,2,2,2,222,Churned
5454,37,5,3677.12,2,4,2,242,At Risk
6189,77,6,3674.16,3,3,2,332,Regular
7004,155,6,3672.36,5,3,2,532,Regular
7091,53,6,3672.03,3,2,2,322,Regular
5387,511,7,3669.52,5,2,2,522,Regular
6789,76,6,3666.88,3,3,2,332,Regular
5374,93,7,3665.80,4,1,2,412,Regular
5676,25,6,3665.53,2,2,2,222,Churned
5966,13,5,3664.24,1,4,2,142,At Risk
5883,12,8,3663.14,1,1,2,112,Churned
7501,48,5,3662.90,3,4,2,342,Loyal
7161,139,8,3661.95,4,1,2,412,Regular
7368,107,6,3660.41,4,3,2,432,Regular
6892,25,6,3656.47,2,2,2,222,Churned
6979,61,9,3656.41,3,1,2,312,Regular
5933,103,7,3654.37,4,1,2,412,Regular
6693,117,6,3654.15,4,3,2,432,Regular
7321,100,7,3653.80,4,1,2,412,Regular
7053,25,6,3648.79,2,2,2,222,Churned
7307,11,7,3647.55,1,2,2,122,Churned
6166,98,7,3646.48,4,1,2,412,Regular
7106,336,6,3635.47,5,2,2,522,Regular
5583,21,6,3634.52,1,3,2,132,At Risk
6446,45,6,3629.09,3,2,2,322,Regular
7011,26,7,3622.97,2,2,2,222,Churned
7144,380,3,3621.60,5,5,2,552,Loyal
5475,77,6,3620.29,3,3,2,332,Regular
6413,305,4,3617.73,5,4,2,542,Loyal
6847,11,7,3613.90,1,2,2,122,Churned
5439,47,6,3613.55,3,2,2,322,Regular
7125,23,8,3610.92,2,1,2,212,Churned
7034,88,5,3606.08,4,3,2,432,Regular
6825,211,4,3602.34,5,4,2,542,Loyal
6394,38,5,3601.65,2,4,2,242,At Risk
6428,86,9,3601.49,4,1,2,412,Regular
6677,12,6,3601.04,1,2,2,122,Churned
5486,31,9,3601.01,2,1,2,212,Churned
6158,58,5,3596.77,3,3,2,332,Regular
6633,170,5,3596.71,5,3,2,532,Regular
6006,14,10,3596.46,1,1,2,112,Churned
5287,46,6,3590.15,3,2,2,322,Regular
5346,59,5,3588.41,3,3,2,332,Regular
5209,56,5,3584.36,3,3,2,332,Regular
6900,76,7,3582.03,3,2,2,322,Regular
5792,148,8,3576.52,4,1,2,412,Regular
5546,48,8,3571.67,3,1,2,312,Regular
6637,170,7,3566.65,5,2,2,522,Regular
7218,17,6,3565.79,1,2,2,122,Churned
5648,268,6,3563.43,5,3,2,532,Regular
7110,174,4,3560.67,5,4,2,542,Loyal
7180,240,6,3554.71,5,3,2,532,Regular
7473,91,7,3554.39,4,1,2,412,Regular
6745,321,9,3550.25,5,1,2,512,New Customer
7439,17,6,3547.27,1,2,2,122,Churned
5447,81,5,3546.27,4,3,2,432,Regular
6386,58,5,3545.98,3,3,2,332,Regular
6515,19,9,3542.79,1,1,2,112,Churned
6311,70,5,3540.08,3,3,2,332,Regular
6436,41,7,3538.52,2,2,2,222,Churned
5756,57,7,3536.12,3,2,2,322,Regular
5536,19,8,3534.82,1,1,2,112,Churned
5150,39,8,3534.59,2,1,2,212,Churned
6393,73,5,3534.26,3,3,2,332,Regular
7266,75,3,3533.99,3,5,2,352,Loyal
7294,22,7,3533.55,1,2,2,122,Churned
6360,64,6,3528.25,3,3,2,332,Regular
6156,82,7,3527.84,4,1,2,412,Regular
6499,72,5,3521.39,3,3,2,332,Regular
6310,95,7,3518.10,4,1,2,412,Regular
7074,97,5,3518.02,4,3,2,432,Regular
5545,31,8,3517.21,2,1,2,212,Churned
6057,59,7,3517.01,3,2,2,322,Regular
7386,61,7,3516.89,3,2,2,322,Regular
7152,19,7,3511.94,1,2,2,122,Churned
5342,181,6,3509.45,5,3,2,532,Regular
6186,79,5,3507.54,3,3,2,332,Regular
5621,130,7,3507.36,4,2,2,422,Regular
5428,216,6,3506.01,5,3,2,532,Regular
7075,76,5,3504.77,3,3,2,332,Regular
6176,11,5,3504.66,1,4,2,142,At Risk
5050,255,6,3504.20,5,3,2,532,Regular
5160,62,5,3498.02,3,3,2,332,Regular
6944,71,10,3497.48,3,1,2,312,Regular
6209,15,5,3496.72,1,4,2,142,At Risk
5853,12,7,3495.16,1,2,2,122,Churned
5480,218,5,3494.49,5,3,2,532,Regular
6319,13,6,3491.00,1,2,2,122,Churned
6985,79,7,3489.01,3,1,2,312,Regular
5085,61,6,3486.25,3,3,2,332,Regular
6423,15,5,3484.42,1,4,2,142,At Risk
5924,20,9,3484.39,1,1,2,112,Churned
5460,47,5,3481.67,3,4,2,342,Loyal
5535,233,6,3480.04,5,3,2,532,Regular
6091,13,5,3479.84,1,4,2,142,At Risk
5769,251,7,3479.47,5,2,3,523,Regular
6622,13,4,3473.76,1,4,3,143,At Risk
5870,62,7,3473.60,3,2,3,323,Regular
5881,27,9,3470.82,2,1,3,213,Churned
5494,32,9,3469.57,2,1,3,213,Churned
5370,281,7,3468.40,5,2,3,523,Regular
5356,306,4,3465.35,5,4,3,543,Loyal
6907,11,4,3457.73,1,4,3,143,At Risk
7454,102,8,3455.34,4,1,3,413,Regular
5768,13,7,3454.96,1,2,3,123,Churned
6566,16,6,3451.55,1,2,3,123,Churned
5987,81,7,3450.51,4,1,3,413,Regular
6506,28,7,3445.23,2,2,3,223,Churned
5838,15,5,3445.19,1,4,3,143,At Risk
6443,32,5,3442.28,2,4,3,243,At Risk
6545,81,6,3440.45,4,3,3,433,Regular
7041,11,6,3438.63,1,2,3,123,Churned
6552,21,7,3437.74,1,2,3,123,Churned
5096,26,6,3435.86,2,2,3,223,Churned
5624,360,7,3435.04,5,2,3,523,Regular
5311,59,5,3432.04,3,3,3,333,Regular
5005,32,8,3431.36,2,1,3,213,Churned
5594,30,7,3430.55,2,2,3,223,Churned
7147,14,4,3428.86,1,4,3,143,At Risk
7353,11,4,3428.49,1,4,3,143,At Risk
6969,62,6,3427.51,3,3,3,333,Regular
5569,393,5,3424.86,5,4,3,543,Loyal
7036,62,10,3422.67,3,1,3,313,Regular
5367,148,8,3420.45,4,1,3,413,Regular
5902,41,6,3417.14,2,2,3,223,Churned
7452,30,7,3416.33,2,2,3,223,Churned
7398,61,7,3411.57,3,2,3,323,Regular
5710,12,7,3411.11,1,2,3,123,Churned
5248,46,7,3404.38,3,2,3,323,Regular
5849,14,6,3403.53,1,2,3,123,Churned
5413,75,6,3402.38,3,3,3,333,Regular
7133,72,5,3401.69,3,3,3,333,Regular
5667,78,5,3400.34,3,3,3,333,Regular
7438,76,7,3397.73,3,2,3,323,Regular
5104,98,4,3397.27,4,5,3,453,Loyal
7282,95,7,3396.37,4,1,3,413,Regular
6391,140,4,3395.55,4,4,3,443,Loyal
5691,22,7,3395.52,1,2,3,123,Churned
6766,52,4,3395.21,3,4,3,343,Loyal
6013,493,6,3394.24,5,2,3,523,Regular
7081,78,5,3392.75,3,3,3,333,Regular
6056,14,5,3390.74,1,4,3,143,At Risk
5404,13,6,3389.96,1,2,3,123,Churned
6240,14,3,3383.34,1,5,3,153,At Risk
6257,235,5,3383.08,5,3,3,533,Regular
7344,28,5,3382.38,2,4,3,243,At Risk
6976,51,6,3380.72,3,2,3,323,Regular
5449,272,5,3380.16,5,3,3,533,Regular
7444,55,6,3378.29,3,2,3,323,Regular
5148,56,7,3378.26,3,2,3,323,Regular
6528,110,5,3376.33,4,3,3,433,Regular
7158,197,5,3373.02,5,3,3,533,Regular
5223,20,4,3373.02,1,4,3,143,At Risk
5786,41,8,3370.75,2,1,3,213,Churned
6767,21,5,3368.44,1,3,3,133,At Risk
5948,11,7,3364.87,1,2,3,123,Churned
5896,104,5,3364.86,4,3,3,433,Regular
6479,24,5,3361.39,2,3,3,233,At Risk
6132,31,7,3361.22,2,2,3,223,Churned
5129,112,6,3357.41,4,3,3,433,Regular
6877,94,7,3351.19,4,1,3,413,Regular
5448,11,4,3349.32,1,4,3,143,At Risk
6075,47,4,3347.56,3,4,3,343,Loyal
6839,22,8,3345.48,1,1,3,113,Churned
5194,360,6,3337.69,5,2,3,523,Regular
5312,23,7,3336.37,2,2,3,223,Churned
6960,224,4,3335.14,5,4,3,543,Loyal
6073,29,4,3334.53,2,4,3,243,At Risk
6029,53,7,3333.72,3,2,3,323,Regular
7338,200,4,3331.44,5,4,3,543,Loyal
6731,49,5,3330.45,3,4,3,343,Loyal
5376,37,7,3328.97,2,2,3,223,Churned
5445,207,8,3322.35,5,1,3,513,New Customer
6478,25,8,3320.92,2,1,3,213,Churned
6044,19,4,3318.91,1,4,3,143,At Risk
5539,16,5,3317.97,1,4,3,143,At Risk
6912,47,6,3314.75,3,2,3,323,Regular
5943,71,4,3311.32,3,4,3,343,Loyal
7496,28,5,3311.05,2,4,3,243,At Risk
6909,192,4,3310.94,5,4,3,543,Loyal
6797,27,7,3309.82,2,2,3,223,Churned
6817,58,5,3309.28,3,3,3,333,Regular
6571,129,5,3305.46,4,3,3,433,Regular
5024,21,6,3303.93,1,3,3,133,At Risk
5884,34,6,3303.10,2,2,3,223,Churned
5479,30,6,3302.27,2,2,3,223,Churned
7187,53,7,3302.24,3,2,3,323,Regular
6599,154,5,3299.45,5,3,3,533,Regular
6295,250,4,3297.21,5,4,3,543,Loyal
6283,91,4,3294.37,4,5,3,453,Loyal
6404,392,5,3292.87,5,4,3,543,Loyal
6353,31,6,3288.83,2,2,3,223,Churned
6988,26,8,3282.71,2,1,3,213,Churned
5716,19,7,3282.45,1,2,3,123,Churned
5777,59,8,3281.48,3,1,3,313,Regular
5451,304,7,3280.96,5,2,3,523,Regular
5166,13,6,3280.92,1,2,3,123,Churned
7184,168,7,3275.53,5,2,3,523,Regular
7203,221,4,3274.01,5,4,3,543,Loyal
5468,16,6,3273.50,1,2,3,123,Churned
7097,20,5,3268.89,1,3,3,133,At Risk
6199,31,6,3268.77,2,2,3,223,Churned
6225,18,9,3267.55,1,1,3,113,Churned
5164,29,4,3264.21,2,4,3,243,At Risk
5718,26,5,3263.32,2,4,3,243,At Risk
6720,34,9,3262.08,2,1,3,213,Churned
7500,148,6,3260.28,4,3,3,433,Regular
7417,13,10,3259.88,1,1,3,113,Churned
6707,20,10,3249.86,1,1,3,113,Churned
6422,119,6,3249.61,4,3,3,433,Regular
6249,27,3,3249.01,2,5,3,253,At Risk
7021,315,3,3248.79,5,5,3,553,Loyal
5323,161,6,3248.67,5,3,3,533,Regular
7248,190,8,3244.80,5,1,3,513,New Customer
6457,181,5,3243.28,5,3,3,533,Regular
6151,142,6,3239.14,4,3,3,433,Regular
7076,254,7,3236.54,5,2,3,523,Regular
7372,49,5,3236.52,3,4,3,343,Loyal
5193,84,7,3236.18,4,2,3,423,Regular
7427,56,8,3233.49,3,1,3,313,Regular
5622,19,6,3232.28,1,3,3,133,At Risk
6274,13,6,3228.37,1,2,3,123,Churned
6039,17,6,3227.28,1,2,3,123,Churned
6143,133,6,3225.80,4,3,3,433,Regular
6210,17,8,3221.07,1,1,3,113,Churned
6923,175,5,3217.89,5,3,3,533,Regular
6215,103,5,3215.61,4,3,3,433,Regular
5835,28,6,3214.55,2,2,3,223,Churned
6304,39,4,3214.14,2,4,3,243,At Risk
7429,419,4,3212.80,5,4,3,543,Loyal
5774,52,5,3211.59,3,4,3,343,Loyal
6903,212,6,3211.32,5,3,3,533,Regular
5082,256,5,3210.58,5,3,3,533,Regular
5771,198,6,3210.39,5,3,3,533,Regular
5945,13,7,3206.26,1,2,3,123,Churned
5542,84,10,3205.82,4,1,3,413,Regular
6441,53,9,3203.16,3,1,3,313,Regular
6146,24,6,3201.62,2,3,3,233,At Risk
7123,56,6,3199.82,3,3,3,333,Regular
5255,105,5,3197.88,4,3,3,433,Regular
6165,17,5,3197.83,1,3,3,133,At Risk
5241,14,3,3196.76,1,5,3,153,At Risk
5521,80,8,3193.03,3,1,3,313,Regular
7104,24,5,3192.49,2,3,3,233,At Risk
5974,12,6,3190.08,1,2,3,123,Churned
5938,58,6,3189.01,3,3,3,333,Regular
6403,19,8,3185.40,1,1,3,113,Churned
6738,36,5,3180.01,2,4,3,243,At Risk
5182,103,4,3174.84,4,5,3,453,Loyal
5937,148,6,3170.72,4,3,3,433,Regular
5220,102,5,3169.91,4,3,3,433,Regular
5912,46,5,3165.90,3,4,3,343,Loyal
5770,16,4,3161.94,1,4,3,143,At Risk
6009,74,6,3160.17,3,3,3,333,Regular
5048,57,6,3154.94,3,3,3,333,Regular
7215,76,5,3154.41,3,3,3,333,Regular
6596,11,8,3153.34,1,1,3,113,Churned
5291,74,6,3153.09,3,3,3,333,Regular
7242,12,7,3152.68,1,2,3,123,Churned
6106,25,5,3151.25,2,4,3,243,At Risk
5222,14,7,3145.45,1,2,3,123,Churned
5985,114,6,3144.51,4,3,3,433,Regular
6348,87,9,3144.39,4,1,3,413,Regular
6595,433,5,3144.37,5,4,3,543,Loyal
6990,19,3,3144.27,1,5,3,153,At Risk
6070,137,3,3138.52,4,5,3,453,Loyal
5584,49,6,3138.03,3,2,3,323,Regular
5505,67,6,3137.49,3,3,3,333,Regular
5854,77,5,3136.68,3,3,3,333,Regular
6671,123,5,3135.63,4,3,3,433,Regular
6488,149,5,3135.52,4,3,3,433,Regular
7470,149,4,3135.00,4,4,3,443,Loyal
7376,41,5,3134.77,2,4,3,243,At Risk
7407,11,4,3134.62,1,4,3,143,At Risk
5616,18,5,3134.10,1,3,3,133,At Risk
7228,11,7,3131.36,1,2,3,123,Churned
5785,198,3,3128.32,5,5,3,553,Loyal
6852,131,4,3124.95,4,4,3,443,Loyal
5669,27,6,3122.17,2,2,3,223,Churned
5529,134,6,3120.26,4,3,3,433,Regular
6583,313,5,3118.29,5,4,3,543,Loyal
5196,177,4,3117.69,5,4,3,543,Loyal
7134,13,5,3115.77,1,4,3,143,At Risk
6513,31,9,3113.94,2,1,3,213,Churned
6076,123,6,3112.30,4,3,3,433,Regular
7422,63,4,3110.28,3,4,3,343,Loyal
5060,137,5,3110.15,4,3,3,433,Regular
6067,51,6,3109.01,3,2,3,323,Regular
5929,72,6,3108.69,3,3,3,333,Regular
6112,34,5,3105.20,2,4,3,243,At Risk
5103,202,5,3105.12,5,3,3,533,Regular
6018,124,8,3103.21,4,1,3,413,Regular
6095,87,5,3099.77,4,3,3,433,Regular
7044,170,6,3096.65,5,3,3,533,Regular
5706,83,4,3095.00,4,5,3,453,Loyal
7114,15,6,3094.64,1,2,3,123,Churned
5717,24,7,3091.06,2,2,3,223,Churned
7346,265,5,3089.70,5,3,3,533,Regular
6250,212,6,3089.00,5,3,3,533,Regular
6000,212,7,3087.60,5,2,3,523,Regular
6865,68,4,3085.10,3,4,3,343,Loyal
5131,51,7,3084.65,3,2,3,323,Regular
6768,13,4,3082.38,1,4,3,143,At Risk
6916,56,4,3080.99,3,4,3,343,Loyal
5715,285,6,3080.54,5,3,3,533,Regular
5534,145,4,3076.14,4,4,3,443,Loyal
5325,24,5,3076.02,2,3,3,233,At Risk
5128,192,7,3074.59,5,2,3,523,Regular
6712,576,5,3071.11,5,4,3,543,Loyal
5116,51,7,3070.46,3,2,3,323,Regular
6246,106,6,3070.10,4,3,3,433,Regular
5392,196,5,3069.87,5,3,3,533,Regular
6837,125,5,3069.75,4,3,3,433,Regular
7037,12,4,3067.45,1,4,3,143,At Risk
6259,20,6,3065.54,1,3,3,133,At Risk
5565,13,11,3064.40,1,1,3,113,Churned
7319,12,7,3059.70,1,2,3,123,Churned
7183,212,3,3056.99,5,5,3,553,Loyal
6050,135,9,3056.82,4,1,3,413,Regular
7317,294,5,3056.01,5,3,3,533,Regular
5990,77,6,3053.42,3,3,3,333,Regular
6823,99,4,3051.29,4,5,3,453,Loyal
6774,97,7,3051.16,4,1,3,413,Regular
6899,29,6,3049.56,2,2,3,223,Churned
6148,149,6,3048.58,4,3,3,433,Regular
5578,30,7,3045.17,2,2,3,223,Churned
5295,11,5,3043.38,1,4,3,143,At Risk
6084,251,4,3043.08,5,4,3,543,Loyal
5338,56,3,3041.60,3,5,3,353,Loyal
5197,19,5,3041.34,1,3,3,133,At Risk
6761,11,6,3039.54,1,2,3,123,Churned
6065,12,6,3037.13,1,2,3,123,Churned
5379,36,6,3036.90,2,2,3,223,Churned
6692,35,6,3035.63,2,2,3,223,Churned
5601,234,6,3032.08,5,3,3,533,Regular
5825,49,6,3031.35,3,2,3,323,Regular
5699,66,5,3031.12,3,3,3,333,Regular
5608,199,6,3031.10,5,3,3,533,Regular
6640,616,3,3030.84,5,5,3,553,Loyal
5041,12,7,3030.49,1,2,3,123,Churned
6277,26,6,3025.80,2,2,3,223,Churned
7442,14,5,3024.50,1,4,3,143,At Risk
5704,58,5,3023.80,3,3,3,333,Regular
7239,108,6,3021.84,4,3,3,433,Regular
5570,64,6,3018.70,3,3,3,333,Regular
5155,181,5,3017.57,5,3,3,533,Regular
6171,23,7,3017.49,2,2,3,223,Churned
6585,58,6,3015.90,3,3,3,333,Regular
6616,65,7,3014.34,3,2,3,323,Regular
7225,34,5,3008.20,2,4,3,243,At Risk
5336,45,5,3005.86,3,4,3,343,Loyal
5368,78,4,3004.59,3,5,3,353,Loyal
6813,26,6,3004.47,2,2,3,223,Churned
6623,18,5,3004.24,1,3,3,133,At Risk
7351,18,5,3002.58,1,3,3,133,At Risk
7137,76,6,3001.44,3,3,3,333,Regular
6292,111,4,3001.02,4,5,3,453,Loyal
5796,27,3,3000.13,2,5,3,253,At Risk
6462,486,4,2999.24,5,4,3,543,Loyal
7062,134,5,2997.62,4,3,3,433,Regular
7014,16,5,2997.05,1,4,3,143,At Risk
6130,13,5,2989.13,1,4,3,143,At Risk
6480,20,4,2987.52,1,4,3,143,At Risk
7149,108,5,2986.12,4,3,3,433,Regular
6034,27,5,2984.59,2,4,3,243,At Risk
5572,63,5,2984.18,3,3,3,333,Regular
5981,135,3,2982.80,4,5,3,453,Loyal
5686,23,7,2982.50,2,2,3,223,Churned
6675,39,6,2979.42,2,2,3,223,Churned
5084,50,6,2977.42,3,2,3,323,Regular
5313,401,6,2970.59,5,2,3,523,Regular
6947,46,3,2970.11,3,5,3,353,Loyal
7374,30,6,2968.79,2,2,3,223,Churned
7322,17,4,2966.52,1,4,3,143,At Risk
5776,30,3,2966.47,2,5,3,253,At Risk
5944,13,6,2966.16,1,2,3,123,Churned
5159,259,5,2964.66,5,3,3,533,Regular
5091,22,6,2958.63,2,3,3,233,At Risk
5381,32,4,2958.30,2,4,3,243,At Risk
7492,88,2,2956.71,4,5,3,453,Loyal
7290,12,7,2955.98,1,2,3,123,Churned
7017,36,4,2954.18,2,4,3,243,At Risk
6337,111,6,2949.96,4,3,3,433,Regular
7434,90,5,2949.39,4,3,3,433,Regular
6437,110,5,2947.40,4,3,3,433,Regular
5256,54,6,2946.16,3,3,3,333,Regular
6724,275,4,2944.05,5,4,3,543,Loyal
7066,100,6,2943.30,4,3,3,433,Regular
6771,24,5,2942.39,2,3,3,233,At Risk
6694,39,5,2942.05,2,4,3,243,At Risk
5532,11,5,2941.44,1,4,3,143,At Risk
7431,14,7,2939.84,1,2,3,123,Churned
5873,92,5,2938.78,4,3,3,433,Regular
7436,29,5,2937.56,2,4,3,243,At Risk
7233,59,5,2935.50,3,3,3,333,Regular
7116,108,5,2929.89,4,3,3,433,Regular
5638,89,4,2926.05,4,4,3,443,Loyal
5365,13,5,2924.89,1,4,3,143,At Risk
5520,28,5,2924.70,2,4,3,243,At Risk
5074,391,5,2924.25,5,4,3,543,Loyal
5781,37,6,2922.63,2,2,3,223,Churned
5472,180,6,2919.40,5,3,3,533,Regular
7056,34,5,2918.89,2,4,3,243,At Risk
6049,20,4,2913.57,1,4,3,143,At Risk
6679,69,4,2912.47,3,4,3,343,Loyal
6078,13,4,2911.40,1,4,3,143,At Risk
6123,77,6,2909.77,3,3,3,333,Regular
6798,100,5,2908.53,4,3,3,433,Regular
6958,11,4,2908.50,1,4,3,143,At Risk
6474,129,5,2908.06,4,3,3,433,Regular
5579,24,4,2905.44,2,4,3,243,At Risk
5362,66,5,2902.45,3,3,3,333,Regular
6572,145,5,2902.00,4,3,3,433,Regular
5440,72,8,2901.77,3,1,3,313,Regular
5093,22,6,2900.71,1,3,3,133,At Risk
7295,252,5,2893.33,5,3,3,533,Regular
5827,75,5,2889.92,3,3,3,333,Regular
6055,81,6,2888.70,4,3,3,433,Regular
6820,237,6,2887.85,5,3,3,533,Regular
7262,61,4,2886.24,3,4,3,343,Loyal
5261,149,5,2884.05,4,3,3,433,Regular
5273,23,6,2879.70,2,3,3,233,At Risk
5858,78,6,2878.84,3,3,3,333,Regular
5243,504,4,2875.93,5,4,3,543,Loyal
5277,14,3,2874.49,1,5,3,153,At Risk
6289,21,5,2874.19,1,3,3,133,At Risk
6475,76,7,2873.98,3,2,3,323,Regular
6815,333,4,2871.38,5,4,3,543,Loyal
6620,93,5,2870.48,4,3,3,433,Regular
5326,34,5,2869.71,2,4,3,243,At Risk
7117,28,6,2868.83,2,2,3,223,Churned
7171,32,4,2866.84,2,4,3,243,At Risk
6524,29,6,2865.17,2,2,3,223,Churned
5509,31,4,2863.64,2,4,3,243,At Risk
5292,54,5,2863.27,3,4,3,343,Loyal
6191,25,9,2859.80,2,1,3,213,Churned
5848,123,5,2857.33,4,3,3,433,Regular
5992,78,6,2856.54,3,3,3,333,Regular
5198,97,5,2854.07,4,3,3,433,Regular
5543,215,5,2853.81,5,3,3,533,Regular
7478,90,6,2853.41,4,3,3,433,Regular
6826,274,5,2852.47,5,3,3,533,Regular
6452,44,5,2851.27,3,4,3,343,Loyal
5191,72,6,2848.02,3,3,3,333,Regular
6848,122,5,2846.69,4,3,3,433,Regular
7259,18,4,2845.67,1,4,3,143,At Risk
5516,149,7,2842.60,4,2,3,423,Regular
6783,11,6,2840.91,1,2,3,123,Churned
7241,310,6,2840.22,5,2,3,523,Regular
6272,203,5,2839.82,5,3,3,533,Regular
5300,59,4,2837.78,3,4,3,343,Loyal
5679,92,3,2837.14,4,5,3,453,Loyal
6278,28,3,2831.74,2,5,3,253,At Risk
5586,24,4,2831.07,2,4,3,243,At Risk
5444,24,5,2829.42,2,3,3,233,At Risk
5698,358,5,2828.94,5,4,3,543,Loyal
5642,241,6,2827.00,5,3,3,533,Regular
6857,140,5,2825.65,4,3,3,433,Regular
5094,51,7,2824.89,3,2,3,323,Regular
5405,114,5,2822.00,4,3,3,433,Regular
5690,17,7,2820.95,1,2,3,123,Churned
5913,47,4,2820.56,3,4,3,343,Loyal
7369,26,4,2820.35,2,4,3,243,At Risk
6621,98,5,2816.88,4,3,3,433,Regular
5670,18,5,2814.60,1,3,3,133,At Risk
6617,17,7,2812.51,1,2,3,123,Churned
7155,341,5,2812.47,5,4,3,543,Loyal
6051,138,3,2810.98,4,5,3,453,Loyal
5687,14,5,2806.22,1,4,3,143,At Risk
5636,27,7,2803.68,2,2,3,223,Churned
6886,220,5,2800.23,5,3,3,533,Regular
6256,22,7,2794.24,2,2,3,223,Churned
7460,74,8,2794.21,3,1,3,313,Regular
5282,19,7,2793.47,1,2,3,123,Churned
6036,23,4,2791.73,2,4,3,243,At Risk
6942,19,5,2790.87,1,3,3,133,At Risk
5061,386,4,2784.02,5,4,3,543,Loyal
5134,140,7,2783.78,4,2,3,423,Regular
6781,24,3,2781.40,2,5,3,253,At Risk
5007,14,6,2775.09,1,2,3,123,Churned
6690,139,6,2774.46,4,3,3,433,Regular
5828,11,7,2769.92,1,2,3,123,Churned
6997,105,5,2768.89,4,3,3,433,Regular
5037,82,5,2764.13,4,3,3,433,Regular
5141,32,4,2763.41,2,4,3,243,At Risk
7139,11,5,2762.76,1,4,3,143,At Risk
6333,33,5,2761.81,2,4,3,243,At Risk
7214,56,5,2761.46,3,3,3,333,Regular
6937,327,4,2760.25,5,4,3,543,Loyal
5515,58,7,2755.88,3,2,3,323,Regular
5239,24,5,2755.09,2,3,3,233,At Risk
5272,216,7,2753.75,5,2,3,523,Regular
5978,11,7,2752.68,1,2,3,123,Churned
7340,333,3,2752.26,5,5,3,553,Loyal
6401,150,5,2751.42,4,3,3,433,Regular
5628,11,4,2750.29,1,4,3,143,At Risk
5099,283,6,2747.29,5,3,3,533,Regular
5493,167,3,2745.61,5,5,3,553,Loyal
5678,109,4,2740.39,4,5,3,453,Loyal
6971,18,7,2739.70,1,2,3,123,Churned
5972,36,6,2736.53,2,2,3,223,Churned
6706,47,4,2736.39,3,4,3,343,Loyal
6004,26,5,2734.85,2,4,3,243,At Risk
5369,125,6,2730.85,4,3,3,433,Regular
7098,96,6,2729.17,4,3,3,433,Regular
5605,12,6,2721.08,1,2,3,123,Churned
6941,43,3,2719.31,2,5,3,253,At Risk
5727,45,8,2718.10,3,1,3,313,Regular
5192,237,4,2714.73,5,4,3,543,Loyal
7071,316,5,2714.33,5,4,3,543,Loyal
6169,36,6,2711.73,2,2,3,223,Churned
5737,14,6,2707.17,1,2,3,123,Churned
6879,349,4,2704.04,5,4,3,543,Loyal
7103,82,5,2703.13,4,3,3,433,Regular
5151,81,8,2699.66,4,1,3,413,Regular
5117,28,5,2697.06,2,4,3,243,At Risk
5626,166,4,2696.95,5,4,3,543,Loyal
6762,46,6,2695.81,3,2,3,323,Regular
5135,27,5,2692.66,2,4,3,243,At Risk
5573,170,3,2690.87,5,5,3,553,Loyal
6188,36,3,2687.81,2,5,3,253,At Risk
5702,43,5,2686.24,3,4,3,343,Loyal
6356,21,4,2684.37,1,4,3,143,At Risk
7482,31,5,2683.76,2,4,3,243,At Risk
6266,70,5,2682.54,3,3,3,333,Regular
6342,338,5,2677.65,5,4,3,543,Loyal
6361,169,6,2676.04,5,3,3,533,Regular
6964,12,7,2672.61,1,2,3,123,Churned
6759,113,7,2671.79,4,2,3,423,Regular
7270,112,4,2670.31,4,4,3,443,Loyal
5604,121,6,2669.86,4,3,3,433,Regular
5310,64,4,2669.55,3,4,3,343,Loyal
5478,60,5,2667.35,3,3,3,333,Regular
6460,39,5,2665.63,2,4,3,243,At Risk
6214,293,6,2665.40,5,3,3,533,Regular
7234,15,5,2664.55,1,4,3,143,At Risk
5645,14,4,2662.78,1,4,3,143,At Risk
5824,17,7,2662.09,1,2,3,123,Churned
7068,21,7,2661.65,1,2,3,123,Churned
5832,77,3,2660.74,3,5,3,353,Loyal
7222,306,3,2659.96,5,5,3,553,Loyal
6868,16,7,2658.77,1,2,3,123,Churned
5599,79,4,2657.41,3,5,3,353,Loyal
5659,39,4,2657.39,2,4,3,243,At Risk
5665,93,6,2652.78,4,3,3,433,Regular
7153,42,4,2652.15,2,4,3,243,At Risk
6613,177,6,2651.55,5,3,3,533,Regular
5711,35,4,2649.02,2,4,3,243,At Risk
6598,16,5,2648.61,1,4,3,143,At Risk
6878,224,6,2648.58,5,3,3,533,Regular
6872,347,6,2648.24,5,2,3,523,Regular
6918,55,4,2646.48,3,4,3,343,Loyal
5843,310,4,2645.68,5,4,3,543,Loyal
7005,85,5,2643.56,4,3,3,433,Regular
6181,236,4,2642.82,5,4,3,543,Loyal
6107,74,3,2642.50,3,5,3,353,Loyal
7045,28,4,2642.41,2,4,3,243,At Risk
6405,141,5,2640.13,4,3,3,433,Regular
6642,36,5,2634.27,2,4,3,243,At Risk
5905,100,6,2633.15,4,3,3,433,Regular
6787,15,5,2630.62,1,4,3,143,At Risk
5384,12,4,2628.55,1,4,3,143,At Risk
6588,249,6,2626.33,5,3,3,533,Regular
6862,18,6,2625.35,1,2,3,123,Churned
5566,99,5,2623.52,4,3,3,433,Regular
5183,756,3,2619.54,5,5,3,553,Loyal
6753,13,7,2619.17,1,2,3,123,Churned
6559,153,6,2614.49,5,3,3,533,Regular
5860,205,8,2609.93,5,1,3,513,New Customer
5750,21,5,2609.72,1,3,3,133,At Risk
7032,11,6,2609.15,1,2,3,123,Churned
5174,15,4,2608.57,1,4,3,143,At Risk
5949,32,4,2604.81,2,4,3,243,At Risk
5649,113,3,2604.48,4,5,3,453,Loyal
7432,270,7,2603.25,5,2,3,523,Regular
7447,415,6,2601.05,5,2,3,523,Regular
5242,20,5,2600.38,1,3,3,133,At Risk
5411,55,5,2598.76,3,3,3,333,Regular
7212,16,5,2596.49,1,4,3,143,At Risk
6669,13,7,2593.22,1,2,3,123,Churned
6093,38,5,2586.60,2,4,3,243,At Risk
5591,99,5,2585.48,4,3,3,433,Regular
5092,52,4,2583.73,3,4,3,343,Loyal
7140,272,6,2582.58,5,3,3,533,Regular
5305,36,7,2582.40,2,2,3,223,Churned
5224,44,5,2576.56,3,4,3,343,Loyal
6894,362,6,2572.96,5,2,3,523,Regular
5791,109,5,2572.11,4,3,3,433,Regular
6754,67,5,2566.84,3,3,3,333,Regular
7196,163,6,2566.04,5,3,3,533,Regular
6291,165,4,2565.46,5,4,3,543,Loyal
5942,80,3,2563.31,3,5,3,353,Loyal
7293,20,5,2555.34,1,3,3,133,At Risk
5360,109,6,2554.42,4,3,3,433,Regular
6010,197,3,2552.79,5,5,3,553,Loyal
5872,30,4,2547.26,2,4,4,244,At Risk
6308,44,5,2546.23,3,4,4,344,Loyal
7064,11,7,2546.05,1,2,4,124,Churned
6711,19,6,2545.37,1,3,4,134,At Risk
7391,101,6,2545.11,4,3,4,434,Regular
5746,106,7,2543.68,4,1,4,414,Regular
6290,45,5,2543.01,3,4,4,344,Loyal
5443,135,6,2542.93,4,3,4,434,Regular
5971,98,6,2540.01,4,3,4,434,Regular
5561,20,8,2539.23,1,1,4,114,Churned
5725,75,6,2537.17,3,3,4,334,Regular
7061,21,5,2535.19,1,3,4,134,At Risk
6701,45,4,2535.01,3,4,4,344,Loyal
6611,24,4,2534.80,2,4,4,244,At Risk
6574,222,4,2533.96,5,4,4,544,VIP
5349,18,3,2533.85,1,5,4,154,At Risk
5613,198,6,2533.33,5,3,4,534,Regular
6629,46,9,2532.23,3,1,4,314,Regular
5512,53,6,2532.01,3,2,4,324,Regular
7028,20,6,2531.95,1,3,4,134,At Risk
7209,11,8,2531.70,1,1,4,114,Churned
5877,143,6,2530.84,4,3,4,434,Regular
5329,32,3,2530.73,2,5,4,254,At Risk
6053,16,7,2530.35,1,2,4,124,Churned
5969,17,7,2528.00,1,2,4,124,Churned
6828,95,4,2524.93,4,5,4,454,VIP
5190,11,4,2524.66,1,4,4,144,At Risk
6732,24,5,2521.57,2,4,4,244,At Risk
7420,202,5,2521.31,5,3,4,534,Regular
5188,75,5,2521.18,3,3,4,334,Regular
6775,13,4,2519.74,1,4,4,144,At Risk
5885,500,3,2513.09,5,5,4,554,VIP
5518,125,7,2511.07,4,2,4,424,Regular
5668,378,4,2509.12,5,4,4,544,VIP
5136,192,5,2508.94,5,3,4,534,Regular
5062,35,5,2508.68,2,4,4,244,At Risk
6805,39,6,2508.04,2,2,4,224,Churned
5333,17,7,2505.46,1,2,4,124,Churned
6069,61,4,2505.13,3,4,4,344,Loyal
7389,35,4,2505.12,2,4,4,244,At Risk
7118,11,4,2504.26,1,4,4,144,At Risk
6668,46,6,2503.31,3,2,4,324,Regular
5006,181,6,2503.30,5,3,4,534,Regular
5743,69,5,2503.19,3,3,4,334,Regular
5337,203,7,2502.86,5,2,4,524,Regular
6683,37,5,2502.60,2,4,4,244,At Risk
6147,105,7,2501.37,4,1,4,414,Regular
6265,165,5,2500.90,5,3,4,534,Regular
6562,200,2,2499.23,5,5,4,554,VIP
5441,35,5,2498.90,2,4,4,244,At Risk
5862,23,7,2498.50,2,2,4,224,Churned
6684,134,6,2491.09,4,3,4,434,Regular
6569,107,7,2489.57,4,1,4,414,Regular
6261,28,5,2482.09,2,4,4,244,At Risk
5105,57,5,2481.93,3,3,4,334,Regular
6113,84,4,2481.47,4,5,4,454,VIP
7223,63,6,2481.28,3,3,4,334,Regular
6843,41,5,2476.41,2,4,4,244,At Risk
6109,37,5,2476.38,2,4,4,244,At Risk
6190,49,4,2474.94,3,4,4,344,Loyal
5951,47,5,2472.40,3,4,4,344,Loyal
6835,43,4,2472.37,2,4,4,244,At Risk
6725,42,2,2471.94,2,5,4,254,At Risk
5386,142,3,2471.79,4,5,4,454,VIP
6042,116,6,2470.91,4,3,4,434,Regular
6398,11,3,2467.48,1,5,4,154,At Risk
5753,78,4,2465.49,3,5,4,354,Loyal
5596,72,4,2465.46,3,4,4,344,Loyal
5700,16,8,2461.89,1,1,4,114,Churned
5298,129,4,2460.31,4,4,4,444,VIP
6139,21,7,2459.91,1,2,4,124,Churned
6527,39,6,2455.93,2,2,4,224,Churned
5390,322,5,2455.75,5,4,4,544,VIP
5846,23,4,2454.90,2,4,4,244,At Risk
7301,12,4,2454.42,1,4,4,144,At Risk
6846,80,3,2451.68,3,5,4,354,Loyal
7243,361,4,2450.28,5,4,4,544,VIP
6137,572,4,2448.20,5,4,4,544,VIP
5953,44,6,2447.77,3,2,4,324,Regular
6328,84,5,2447.36,4,3,4,434,Regular
6567,64,4,2445.89,3,4,4,344,Loyal
6898,84,4,2442.18,4,5,4,454,VIP
6927,21,7,2441.92,1,2,4,124,Churned
7150,399,3,2440.58,5,5,4,554,VIP
5051,61,2,2439.83,3,5,4,354,Loyal
6415,57,4,2438.64,3,4,4,344,Loyal
6782,52,4,2437.71,3,4,4,344,Loyal
5674,75,6,2437.35,3,3,4,334,Regular
5707,75,3,2435.07,3,5,4,354,Loyal
5396,27,4,2433.80,2,4,4,244,At Risk
5684,46,4,2431.75,3,4,4,344,Loyal
7387,37,4,2426.85,2,4,4,244,At Risk
6902,60,5,2426.52,3,3,4,334,Regular
6429,35,4,2424.05,2,4,4,244,At Risk
5795,583,5,2423.39,5,4,4,544,VIP
6315,194,5,2422.69,5,3,4,534,Regular
7356,29,7,2420.37,2,2,4,224,Churned
7269,31,4,2420.11,2,4,4,244,At Risk
7172,24,4,2419.21,2,4,4,244,At Risk
6896,182,4,2416.28,5,4,4,544,VIP
6610,12,5,2414.51,1,4,4,144,At Risk
5855,362,4,2413.84,5,4,4,544,VIP
6150,59,6,2413.08,3,3,4,334,Regular
5850,92,7,2412.47,4,1,4,414,Regular
5249,25,5,2408.64,2,4,4,244,At Risk
5650,113,4,2408.18,4,4,4,444,VIP
6455,248,5,2407.31,5,3,4,534,Regular
6131,234,4,2401.45,5,4,4,544,VIP
5114,192,7,2399.75,5,2,4,524,Regular
6635,95,5,2397.15,4,3,4,434,Regular
5559,13,4,2396.73,1,4,4,144,At Risk
7096,302,3,2394.62,5,5,4,554,VIP
6177,189,6,2393.78,5,3,4,534,Regular
6224,23,5,2391.96,2,3,4,234,At Risk
6511,73,8,2391.81,3,1,4,314,Regular
5950,22,4,2391.47,2,4,4,244,At Risk
6575,266,7,2391.18,5,2,4,524,Regular
6153,42,4,2389.77,2,4,4,244,At Risk
7060,346,4,2388.59,5,4,4,544,VIP
5021,102,3,2380.16,4,5,4,454,VIP
6714,114,6,2380.00,4,3,4,434,Regular
7157,460,2,2378.33,5,5,4,554,VIP
6074,23,4,2378.23,2,4,4,244,At Risk
5907,59,3,2373.72,3,5,4,354,Loyal
6293,12,6,2369.95,1,2,4,124,Churned
5269,34,4,2368.01,2,4,4,244,At Risk
6836,131,7,2367.55,4,2,4,424,Regular
6243,17,8,2366.33,1,1,4,114,Churned
5481,61,5,2366.28,3,3,4,334,Regular
6347,33,7,2365.48,2,2,4,224,Churned
7031,74,5,2365.28,3,3,4,334,Regular
6203,404,3,2364.33,5,5,4,554,VIP
6548,158,5,2363.09,5,3,4,534,Regular
5039,404,3,2360.42,5,5,4,554,VIP
6890,50,6,2360.31,3,2,4,324,Regular
5568,44,4,2359.19,3,4,4,344,Loyal
5071,52,6,2357.98,3,2,4,324,Regular
6667,57,7,2357.73,3,2,4,324,Regular
6502,33,6,2357.56,2,2,4,224,Churned
5845,16,6,2357.32,1,2,4,124,Churned
6655,76,7,2356.96,3,2,4,324,Regular
5340,199,4,2353.44,5,4,4,544,VIP
6876,44,3,2352.14,3,5,4,354,Loyal
6021,230,4,2351.72,5,4,4,544,VIP
5026,18,5,2350.59,1,3,4,134,At Risk
5057,579,2,2348.12,5,5,4,554,VIP
5230,73,7,2345.65,3,2,4,324,Regular
6869,209,4,2345.40,5,4,4,544,VIP
6746,39,6,2345.14,2,2,4,224,Churned
7016,82,6,2341.76,4,3,4,434,Regular
6352,152,5,2339.98,4,3,4,434,Regular
5053,53,6,2339.20,3,2,4,324,Regular
5383,41,4,2338.46,2,4,4,244,At Risk
7361,54,3,2337.96,3,5,4,354,Loyal
6314,11,6,2337.34,1,2,4,124,Churned
6998,78,6,2336.79,3,3,4,334,Regular
6494,254,3,2329.59,5,5,4,554,VIP
6812,164,4,2328.79,5,4,4,544,VIP
7015,17,4,2326.39,1,4,4,144,At Risk
6185,97,6,2325.46,4,3,4,434,Regular
6154,102,6,2322.62,4,3,4,434,Regular
6276,46,3,2322.47,3,5,4,354,Loyal
6994,92,5,2319.10,4,3,4,434,Regular
6632,224,3,2319.04,5,5,4,554,VIP
6435,17,6,2318.75,1,2,4,124,Churned
6686,49,4,2317.68,3,4,4,344,Loyal
7390,209,3,2317.06,5,5,4,554,VIP
7007,185,5,2313.72,5,3,4,534,Regular
5762,32,7,2304.27,2,2,4,224,Churned
5466,71,4,2297.99,3,4,4,344,Loyal
7105,138,4,2297.44,4,4,4,444,VIP
5794,14,6,2296.94,1,2,4,124,Churned
5327,13,6,2296.03,1,2,4,124,Churned
5904,72,7,2295.09,3,2,4,324,Regular
6399,224,4,2295.00,5,4,4,544,VIP
7388,76,6,2292.55,3,3,4,334,Regular
7250,67,6,2292.15,3,3,4,334,Regular
7453,57,5,2292.02,3,3,4,334,Regular
5506,27,4,2289.71,2,4,4,244,At Risk
5424,120,6,2288.38,4,3,4,434,Regular
7499,124,5,2288.26,4,3,4,434,Regular
6058,87,7,2287.83,4,2,4,424,Regular
5109,19,5,2287.63,1,3,4,134,At Risk
5380,71,4,2283.72,3,4,4,344,Loyal
6740,64,5,2283.22,3,3,4,334,Regular
7380,197,4,2280.37,5,4,4,544,VIP
5783,278,3,2279.68,5,5,4,554,VIP
6234,13,5,2278.95,1,4,4,144,At Risk
7145,97,5,2277.95,4,3,4,434,Regular
6612,334,3,2277.09,5,5,4,554,VIP
5567,401,6,2275.70,5,2,4,524,Regular
7047,30,4,2274.38,2,4,4,244,At Risk
7479,33,3,2273.37,2,5,4,254,At Risk
7337,31,6,2270.37,2,2,4,224,Churned
5420,54,4,2268.06,3,4,4,344,Loyal
7023,23,5,2266.26,2,3,4,234,At Risk
5629,27,9,2264.03,2,1,4,214,Churned
7159,15,4,2263.18,1,4,4,144,At Risk
6411,24,2,2263.08,2,5,4,254,At Risk
5352,46,8,2262.63,3,1,4,314,Regular
6696,17,6,2259.60,1,2,4,124,Churned
6126,25,6,2258.68,2,2,4,224,Churned
5347,85,6,2257.15,4,3,4,434,Regular
6099,39,4,2256.45,2,4,4,244,At Risk
5250,123,6,2255.02,4,3,4,434,Regular
7033,157,3,2254.69,5,5,4,554,VIP
7485,24,4,2250.84,2,4,4,244,At Risk
5477,27,3,2248.50,2,5,4,254,At Risk
5012,297,4,2246.05,5,4,4,544,VIP
6680,11,5,2245.87,1,4,4,144,At Risk
5747,11,5,2238.46,1,4,4,144,At Risk
5238,25,6,2237.63,2,2,4,224,Churned
7127,66,5,2236.78,3,3,4,334,Regular
7411,12,3,2236.66,1,5,4,154,At Risk
7194,74,5,2234.27,3,3,4,334,Regular
7393,364,6,2234.13,5,2,4,524,Regular
7285,75,4,2233.35,3,4,4,344,Loyal
7329,77,5,2230.07,3,3,4,334,Regular
6159,238,2,2228.74,5,5,4,554,VIP
5830,92,5,2223.80,4,3,4,434,Regular
6355,112,3,2221.82,4,5,4,454,VIP
6252,14,6,2219.97,1,2,4,124,Churned
7382,229,3,2216.22,5,5,4,554,VIP
6989,17,4,2213.24,1,4,4,144,At Risk
7197,186,7,2213.16,5,2,4,524,Regular
5125,77,5,2211.08,3,3,4,334,Regular
6368,67,5,2210.17,3,3,4,334,Regular
5630,82,6,2209.52,4,3,4,434,Regular
5027,14,5,2206.96,1,4,4,144,At Risk
5821,47,5,2206.35,3,4,4,344,Loyal
5052,206,6,2204.91,5,3,4,534,Regular
5732,17,6,2204.89,1,2,4,124,Churned
6496,177,3,2204.25,5,5,4,554,VIP
5822,82,5,2202.94,4,3,4,434,Regular
5279,23,5,2198.63,2,3,4,234,At Risk
5598,32,4,2198.37,2,4,4,244,At Risk
5089,56,5,2197.98,3,3,4,334,Regular
6850,46,5,2197.23,3,4,4,344,Loyal
7477,28,4,2196.88,2,4,4,244,At Risk
6465,148,6,2195.59,4,3,4,434,Regular
7377,220,3,2195.21,5,5,4,554,VIP
6921,108,3,2193.33,4,5,4,454,VIP
6375,11,3,2192.89,1,5,4,154,At Risk
7491,142,5,2191.16,4,3,4,434,Regular
6026,37,6,2188.79,2,2,4,224,Churned
6464,162,2,2187.60,5,5,4,554,VIP
6802,28,5,2186.93,2,4,4,244,At Risk
7090,93,4,2186.19,4,5,4,454,VIP
7463,32,3,2183.87,2,5,4,254,At Risk
6543,26,3,2182.90,2,5,4,254,At Risk
6816,30,5,2182.36,2,4,4,244,At Risk
6262,65,4,2181.23,3,4,4,344,Loyal
5634,26,4,2181.02,2,4,4,244,At Risk
6490,125,4,2178.54,4,4,4,444,VIP
6645,57,5,2170.95,3,3,4,334,Regular
5811,12,5,2165.19,1,4,4,144,At Risk
6275,328,3,2164.98,5,5,4,554,VIP
5213,155,3,2164.44,5,5,4,554,VIP
6932,15,4,2162.61,1,4,4,144,At Risk
6744,18,4,2162.11,1,4,4,144,At Risk
6594,169,4,2161.41,5,4,4,544,VIP
5244,28,4,2159.68,2,4,4,244,At Risk
6956,189,6,2159.32,5,3,4,534,Regular
6743,27,4,2157.46,2,4,4,244,At Risk
6135,190,5,2152.93,5,3,4,534,Regular
5703,184,6,2148.38,5,3,4,534,Regular
5979,20,7,2146.67,1,2,4,124,Churned
6043,279,4,2146.66,5,4,4,544,VIP
5407,73,5,2144.53,3,3,4,334,Regular
6601,32,3,2143.61,2,5,4,254,At Risk
5271,73,8,2143.37,3,1,4,314,Regular
7311,86,4,2141.96,4,5,4,454,VIP
6313,26,6,2140.59,2,2,4,224,Churned
7168,52,4,2139.35,3,4,4,344,Loyal
6641,12,4,2137.68,1,4,4,144,At Risk
7490,259,3,2135.99,5,5,4,554,VIP
5463,84,4,2135.44,4,5,4,454,VIP
7128,153,4,2134.88,4,4,4,444,VIP
6553,388,5,2132.63,5,4,4,544,VIP
6397,88,5,2130.19,4,3,4,434,Regular
7489,82,5,2128.97,4,3,4,434,Regular
7084,77,4,2124.66,3,5,4,354,Loyal
5318,117,3,2124.57,4,5,4,454,VIP
5350,322,4,2124.10,5,4,4,544,VIP
6089,25,7,2121.94,2,2,4,224,Churned
5278,143,4,2121.37,4,4,4,444,VIP
7136,203,4,2119.95,5,4,4,544,VIP
5968,31,6,2117.29,2,2,4,224,Churned
5760,74,6,2116.56,3,3,4,334,Regular
6173,110,5,2114.94,4,3,4,434,Regular
5775,18,4,2114.13,1,4,4,144,At Risk
5923,35,3,2113.46,2,5,4,254,At Risk
5554,39,4,2113.33,2,4,4,244,At Risk
6125,383,3,2112.38,5,5,4,554,VIP
6651,36,4,2112.28,2,4,4,244,At Risk
6052,25,4,2110.57,2,4,4,244,At Risk
5013,44,3,2108.48,3,5,4,354,Loyal
6138,259,2,2105.09,5,5,4,554,VIP
6614,36,6,2104.89,2,2,4,224,Churned
5086,69,3,2103.10,3,5,4,354,Loyal
7030,149,4,2102.45,4,4,4,444,VIP
7175,747,2,2097.12,5,5,4,554,VIP
6540,113,4,2096.35,4,4,4,444,VIP
7312,33,4,2094.16,2,4,4,244,At Risk
5265,13,6,2092.32,1,2,4,124,Churned
7131,224,4,2086.11,5,4,4,544,VIP
5157,33,4,2082.93,2,4,4,244,At Risk
6321,129,5,2079.81,4,3,4,434,Regular
6533,95,4,2078.17,4,5,4,454,VIP
6066,111,3,2077.34,4,5,4,454,VIP
5593,80,2,2076.69,4,5,4,454,VIP
5724,34,3,2076.45,2,5,4,254,At Risk
5081,75,6,2074.89,3,3,4,334,Regular
6124,14,2,2073.11,1,5,4,154,At Risk
5361,12,3,2068.84,1,5,4,154,At Risk
6248,306,5,2068.40,5,4,4,544,VIP
6685,90,5,2064.66,4,3,4,434,Regular
5437,134,5,2064.39,4,3,4,434,Regular
6253,98,3,2060.31,4,5,4,454,VIP
5739,100,6,2059.63,4,3,4,434,Regular
6790,192,4,2058.81,5,4,4,544,VIP
5073,68,4,2058.79,3,4,4,344,Loyal
7173,26,5,2056.60,2,4,4,244,At Risk
6980,105,3,2056.17,4,5,4,454,VIP
6320,65,4,2055.87,3,4,4,344,Loyal
6228,57,4,2051.99,3,4,4,344,Loyal
6913,41,4,2051.77,2,4,4,244,At Risk
5377,11,6,2049.95,1,2,4,124,Churned
6329,224,3,2049.80,5,5,4,554,VIP
7261,142,3,2049.27,4,5,4,454,VIP
7164,35,6,2048.94,2,2,4,224,Churned
6591,162,3,2048.72,5,5,4,554,VIP
7100,28,4,2046.92,2,4,4,244,At Risk
6016,214,6,2045.52,5,3,4,534,Regular
5202,18,4,2043.63,1,4,4,144,At Risk
6489,404,4,2043.52,5,4,4,544,VIP
7101,91,4,2040.31,4,5,4,454,VIP
5852,21,5,2040.13,1,3,4,134,At Risk
6425,195,4,2039.90,5,4,4,544,VIP
5075,33,6,2039.23,2,2,4,224,Churned
5378,27,3,2037.79,2,5,4,254,At Risk
7283,35,4,2035.45,2,4,4,244,At Risk
6086,101,6,2029.00,4,3,4,434,Regular
7298,168,6,2027.96,5,3,4,534,Regular
5491,105,5,2027.79,4,3,4,434,Regular
5227,86,8,2024.08,4,1,4,414,Regular
6168,49,3,2023.62,3,5,4,354,Loyal
6170,44,7,2018.98,3,2,4,324,Regular
7160,482,4,2017.75,5,4,4,544,VIP
6182,126,7,2010.77,4,2,4,424,Regular
5744,145,4,2010.49,4,4,4,444,VIP
6133,12,3,2010.34,1,5,4,154,At Risk
7277,96,2,2008.42,4,5,4,454,VIP
7348,228,3,2008.04,5,5,4,554,VIP
6576,20,3,2005.94,1,5,4,154,At Risk
5457,17,7,2002.18,1,2,4,124,Churned
5068,237,2,2001.39,5,5,4,554,VIP
6799,146,6,2000.58,4,3,4,434,Regular
6439,337,4,1998.49,5,4,4,544,VIP
6676,23,5,1998.07,2,3,4,234,At Risk
7424,75,3,1997.35,3,5,4,354,Loyal
6453,122,4,1996.92,4,4,4,444,VIP
6448,30,4,1995.38,2,4,4,244,At Risk
7462,46,3,1993.90,3,5,4,354,Loyal
7272,194,2,1993.89,5,5,4,554,VIP
7236,118,5,1990.84,4,3,4,434,Regular
5464,16,3,1990.18,1,5,4,154,At Risk
6023,92,4,1989.19,4,5,4,454,VIP
6926,22,6,1989.12,2,3,4,234,At Risk
7352,74,5,1988.99,3,3,4,334,Regular
6929,26,3,1988.68,2,5,4,254,At Risk
5121,18,5,1988.06,1,3,4,134,At Risk
5426,22,3,1984.58,2,5,4,254,At Risk
6471,138,3,1984.50,4,5,4,454,VIP
6100,14,4,1982.57,1,4,4,144,At Risk
6421,25,3,1980.31,2,5,4,254,At Risk
7189,60,3,1977.87,3,5,4,354,Loyal
5319,122,3,1977.82,4,5,4,454,VIP
5332,139,6,1977.76,4,3,4,434,Regular
6842,104,6,1973.12,4,3,4,434,Regular
7163,11,6,1972.81,1,2,4,124,Churned
5108,99,3,1972.71,4,5,4,454,VIP
5673,24,4,1970.39,2,4,4,244,At Risk
5918,29,7,1965.02,2,2,4,224,Churned
6939,113,5,1964.81,4,3,4,434,Regular
6279,69,5,1961.46,3,3,4,334,Regular
6417,13,5,1960.93,1,4,4,144,At Risk
7410,45,6,1958.55,3,2,4,324,Regular
6335,15,3,1957.67,1,5,4,154,At Risk
6542,20,5,1956.76,1,3,4,134,At Risk
6564,18,3,1953.39,1,5,4,154,At Risk
6092,22,3,1953.01,1,5,4,154,At Risk
6983,14,6,1949.17,1,2,4,124,Churned
5100,34,5,1947.79,2,4,4,244,At Risk
5373,46,4,1947.51,3,4,4,344,Loyal
5442,65,4,1943.84,3,4,4,344,Loyal
5560,76,10,1942.13,3,1,4,314,Regular
5363,15,7,1941.94,1,2,4,124,Churned
6887,23,4,1940.58,2,4,4,244,At Risk
6501,15,7,1939.71,1,2,4,124,Churned
5956,23,3,1939.32,2,5,4,254,At Risk
5422,22,3,1937.69,1,5,4,154,At Risk
6508,34,3,1935.97,2,5,4,254,At Risk
5462,217,4,1935.85,5,4,4,544,VIP
7392,26,5,1934.94,2,4,4,244,At Risk
7235,126,3,1933.95,4,5,4,454,VIP
5304,116,4,1933.74,4,4,4,444,VIP
6770,11,5,1928.15,1,4,4,144,At Risk
7314,11,5,1928.03,1,4,4,144,At Risk
6889,16,5,1926.96,1,4,4,144,At Risk
6658,17,6,1926.62,1,2,4,124,Churned
6271,21,4,1925.66,1,4,4,144,At Risk
5281,264,4,1922.86,5,4,4,544,VIP
6652,18,7,1919.79,1,2,4,124,Churned
5482,278,5,1913.85,5,3,4,534,Regular
5043,69,4,1911.14,3,4,4,344,Loyal
5869,297,4,1909.48,5,4,4,544,VIP
5831,123,5,1907.08,4,3,4,434,Regular
5366,90,5,1905.89,4,3,4,434,Regular
7124,37,5,1905.88,2,4,4,244,At Risk
7396,121,4,1904.91,4,4,4,444,VIP
5911,219,2,1895.09,5,5,4,554,VIP
6700,172,2,1893.89,5,5,4,554,VIP
6672,27,7,1893.88,2,2,4,224,Churned
5142,88,1,1891.66,4,5,4,454,VIP
6504,13,3,1890.87,1,5,4,154,At Risk
5078,227,6,1885.57,5,3,4,534,Regular
7472,73,4,1885.47,3,4,4,344,Loyal
7409,83,6,1884.25,4,3,4,434,Regular
6866,105,5,1884.25,4,3,4,434,Regular
6022,102,3,1882.64,4,5,4,454,VIP
5551,29,6,1880.21,2,2,4,224,Churned
5655,186,5,1874.02,5,3,4,534,Regular
6555,93,3,1873.92,4,5,4,454,VIP
5712,138,5,1873.52,4,3,4,434,Regular
6217,194,5,1872.80,5,3,4,534,Regular
5553,12,5,1871.40,1,4,4,144,At Risk
6808,252,4,1870.85,5,4,4,544,VIP
5153,441,2,1869.58,5,5,4,554,VIP
6467,53,3,1869.20,3,5,4,354,Loyal
6628,17,4,1862.73,1,4,4,144,At Risk
7178,52,4,1862.55,3,4,4,344,Loyal
6535,329,4,1861.81,5,4,4,544,VIP
7119,114,7,1860.42,4,2,4,424,Regular
6476,144,4,1859.75,4,4,4,444,VIP
7306,25,4,1858.78,2,4,4,244,At Risk
7057,80,4,1858.75,3,5,4,354,Loyal
6723,79,2,1857.63,3,5,4,354,Loyal
5309,233,2,1856.58,5,5,4,554,VIP
7087,221,2,1844.86,5,5,4,554,VIP
5656,128,2,1841.81,4,5,4,454,VIP
5474,30,4,1835.02,2,4,4,244,At Risk
5169,286,3,1834.78,5,5,4,554,VIP
5984,136,5,1830.58,4,3,4,434,Regular
7416,228,4,1829.14,5,4,4,544,VIP
6218,109,3,1828.23,4,5,4,454,VIP
6806,17,4,1826.54,1,4,4,144,At Risk
6062,119,4,1825.75,4,4,4,444,VIP
6491,628,3,1825.04,5,5,4,554,VIP
6220,324,5,1820.58,5,4,4,544,VIP
5252,31,4,1817.86,2,4,4,244,At Risk
5859,172,4,1817.74,5,4,4,544,VIP
6090,62,5,1816.05,3,3,4,334,Regular
7339,173,3,1815.61,5,5,4,554,VIP
6695,26,3,1815.09,2,5,4,254,At Risk
7414,183,5,1812.59,5,3,4,534,Regular
6270,14,4,1810.93,1,4,4,144,At Risk
7059,68,5,1804.10,3,3,4,334,Regular
6213,122,6,1801.82,4,3,4,434,Regular
6175,33,6,1801.70,2,2,4,224,Churned
6718,98,3,1799.75,4,5,4,454,VIP
5496,18,4,1795.89,1,4,4,144,At Risk
7320,45,5,1794.42,3,4,4,344,Loyal
7498,103,4,1793.83,4,5,4,454,VIP
5314,92,5,1792.52,4,3,4,434,Regular
6915,288,2,1792.45,5,5,4,554,VIP
6674,129,4,1792.25,4,4,4,444,VIP
5416,22,3,1791.20,1,5,4,154,At Risk
7166,138,3,1790.28,4,5,4,454,VIP
6603,32,3,1789.79,2,5,4,254,At Risk
6867,263,3,1783.23,5,5,4,554,VIP
6245,66,5,1782.31,3,3,4,334,Regular
6389,119,5,1779.68,4,3,4,434,Regular
6950,50,3,1779.24,3,5,4,354,Loyal
7078,65,5,1776.41,3,3,4,334,Regular
5646,11,5,1776.27,1,4,4,144,At Risk
7370,90,5,1774.81,4,3,4,434,Regular
5095,182,5,1772.83,5,3,4,534,Regular
5511,380,2,1772.23,5,5,4,554,VIP
5016,300,4,1771.45,5,4,4,544,VIP
5557,131,3,1767.06,4,5,4,454,VIP
5895,18,5,1766.45,1,3,4,134,At Risk
5067,187,3,1766.41,5,5,4,554,VIP
6558,34,5,1766.27,2,4,4,244,At Risk
7289,30,6,1766.21,2,2,4,224,Churned
6933,514,2,1765.08,5,5,4,554,VIP
5154,68,4,1764.76,3,4,4,344,Loyal
7046,28,3,1760.91,2,5,4,254,At Risk
7358,120,6,1760.45,4,3,4,434,Regular
7251,60,3,1758.54,3,5,4,354,Loyal
6522,82,6,1757.67,4,3,5,435,Regular
6955,17,5,1755.30,1,4,5,145,At Risk
7315,119,5,1751.06,4,3,5,435,Regular
5590,25,3,1750.05,2,5,5,255,At Risk
5097,11,3,1741.86,1,5,5,155,At Risk
6758,22,2,1732.43,1,5,5,155,At Risk
5180,89,3,1731.90,4,5,5,455,VIP
5658,13,4,1731.51,1,4,5,145,At Risk
7484,269,3,1728.50,5,5,5,555,VIP
5915,93,4,1726.80,4,5,5,455,VIP
5639,77,5,1726.19,3,3,5,335,Regular
5284,13,3,1724.89,1,5,5,155,At Risk
5932,183,3,1723.12,5,5,5,555,VIP
5806,469,1,1712.38,5,5,5,555,VIP
7497,80,5,1708.73,4,3,5,435,Regular
5471,23,2,1706.87,2,5,5,255,At Risk
6350,139,2,1706.41,4,5,5,455,VIP
5234,65,3,1705.65,3,5,5,355,Loyal
5211,11,4,1700.29,1,4,5,145,At Risk
6229,15,4,1700.21,1,4,5,145,At Risk
6101,39,8,1693.99,2,1,5,215,Churned
6646,15,8,1693.95,1,1,5,115,Churned
7271,143,4,1691.49,4,4,5,445,VIP
5801,16,5,1685.83,1,4,5,145,At Risk
6717,14,3,1682.98,1,5,5,155,At Risk
6561,24,7,1677.56,2,2,5,225,Churned
5879,152,3,1677.12,4,5,5,455,VIP
5408,23,3,1676.35,2,5,5,255,At Risk
7188,33,3,1673.31,2,5,5,255,At Risk
7080,365,4,1670.94,5,4,5,545,VIP
6300,23,4,1670.92,2,4,5,245,At Risk
5425,47,4,1668.04,3,4,5,345,Loyal
7326,66,5,1667.76,3,3,5,335,Regular
5897,148,3,1664.46,4,5,5,455,VIP
7038,274,4,1661.79,5,4,5,545,VIP
6433,134,3,1661.00,4,5,5,455,VIP
6396,23,4,1660.92,2,4,5,245,At Risk
6995,82,5,1660.50,4,3,5,435,Regular
7135,81,4,1657.82,4,5,5,455,VIP
6037,77,6,1656.04,3,3,5,335,Regular
7257,47,4,1650.67,3,4,5,345,Loyal
5112,12,3,1650.38,1,5,5,155,At Risk
6363,27,4,1648.04,2,4,5,245,At Risk
6282,25,3,1646.79,2,5,5,255,At Risk
6794,26,4,1645.03,2,4,5,245,At Risk
5175,70,4,1643.57,3,4,5,345,Loyal
7199,60,4,1641.38,3,4,5,345,Loyal
6369,88,7,1639.47,4,2,5,425,Regular
5019,170,3,1637.44,5,5,5,555,VIP
5415,33,3,1637.44,2,5,5,255,At Risk
6349,208,3,1635.41,5,5,5,555,VIP
5321,149,4,1627.66,4,4,5,445,VIP
6625,48,4,1624.65,3,4,5,345,Loyal
6973,59,4,1622.50,3,4,5,345,Loyal
6273,71,3,1620.08,3,5,5,355,Loyal
5631,271,2,1619.00,5,5,5,555,VIP
5999,396,2,1618.77,5,5,5,555,VIP
5032,23,5,1614.14,2,3,5,235,At Risk
5681,32,2,1613.62,2,5,5,255,At Risk
5738,45,6,1612.82,3,2,5,325,Regular
6444,85,3,1612.43,4,5,5,455,VIP
5901,221,7,1611.63,5,2,5,525,Regular
6007,35,4,1607.31,2,4,5,245,At Risk
5809,208,4,1606.56,5,4,5,545,VIP
5056,227,4,1606.23,5,4,5,545,VIP
6438,64,6,1605.68,3,3,5,335,Regular
6390,568,3,1605.57,5,5,5,555,VIP
7256,104,3,1604.44,4,5,5,455,VIP
5296,46,4,1603.25,3,4,5,345,Loyal
5022,116,3,1601.63,4,5,5,455,VIP
5158,328,3,1601.63,5,5,5,555,VIP
7217,173,3,1601.19,5,5,5,555,VIP
5683,23,3,1598.71,2,5,5,255,At Risk
6996,156,4,1598.36,5,4,5,545,VIP
6834,74,5,1597.88,3,3,5,335,Regular
5501,154,5,1595.26,5,3,5,535,Regular
5820,89,5,1594.45,4,3,5,435,Regular
5355,51,6,1585.18,3,2,5,325,Regular
6472,50,6,1579.82,3,2,5,325,Regular
6901,250,4,1578.30,5,4,5,545,VIP
6141,48,5,1576.85,3,4,5,345,Loyal
5745,77,5,1576.28,3,3,5,335,Regular
5029,144,5,1573.26,4,3,5,435,Regular
6063,62,4,1571.33,3,4,5,345,Loyal
6045,267,4,1568.26,5,4,5,545,VIP
6606,170,3,1568.22,5,5,5,555,VIP
5307,278,2,1567.16,5,5,5,555,VIP
6463,37,3,1567.09,2,5,5,255,At Risk
5815,15,3,1565.09,1,5,5,155,At Risk
5677,26,4,1563.75,2,4,5,245,At Risk
7441,124,3,1562.36,4,5,5,455,VIP
7418,92,3,1560.07,4,5,5,455,VIP
5438,142,2,1559.43,4,5,5,455,VIP
5042,11,2,1555.84,1,5,5,155,At Risk
6905,73,4,1549.29,3,4,5,345,Loyal
6824,50,2,1545.62,3,5,5,355,Loyal
7138,23,2,1544.13,2,5,5,255,At Risk
6024,66,4,1543.66,3,4,5,345,Loyal
6518,270,3,1541.90,5,5,5,555,VIP
5038,53,4,1538.31,3,4,5,345,Loyal
5257,144,4,1538.12,4,4,5,445,VIP
6338,43,3,1538.07,2,5,5,255,At Risk
6307,20,5,1536.62,1,3,5,135,At Risk
6549,84,5,1535.92,4,3,5,435,Regular
6735,25,4,1534.92,2,4,5,245,At Risk
7292,19,3,1529.10,1,5,5,155,At Risk
5526,249,3,1524.81,5,5,5,555,VIP
5217,12,4,1522.87,1,4,5,145,At Risk
5552,44,4,1521.27,3,4,5,345,Loyal
7403,207,5,1516.70,5,3,5,535,Regular
6419,79,2,1516.49,3,5,5,355,Loyal
6028,157,4,1516.20,5,4,5,545,VIP
7009,388,3,1516.15,5,5,5,555,VIP
6316,424,4,1515.93,5,4,5,545,VIP
5049,48,5,1515.05,3,4,5,345,Loyal
5087,17,6,1511.37,1,2,5,125,Churned
7355,140,4,1506.31,4,4,5,445,VIP
5406,278,3,1504.42,5,5,5,555,VIP
7493,76,4,1501.54,3,4,5,345,Loyal
5829,19,4,1496.92,1,4,5,145,At Risk
6590,13,3,1496.51,1,5,5,155,At Risk
5888,113,6,1496.09,4,3,5,435,Regular
5571,93,5,1495.14,4,3,5,435,Regular
7010,168,4,1490.27,5,4,5,545,VIP
5528,208,5,1489.83,5,3,5,535,Regular
5358,17,5,1487.38,1,4,5,145,At Risk
5179,30,3,1481.70,2,5,5,255,At Risk
5015,209,2,1478.96,5,5,5,555,VIP
6757,40,4,1477.99,2,4,5,245,At Risk
5615,27,4,1477.49,2,4,5,245,At Risk
6098,398,4,1474.15,5,4,5,545,VIP
5294,128,4,1468.94,4,4,5,445,VIP
6503,54,4,1468.80,3,4,5,345,Loyal
5644,273,3,1466.51,5,5,5,555,VIP
6323,401,6,1461.61,5,2,5,525,Regular
7198,588,3,1461.00,5,5,5,555,VIP
7129,35,2,1460.53,2,5,5,255,At Risk
6294,104,4,1456.44,4,5,5,455,VIP
7456,91,4,1454.80,4,5,5,455,VIP
6255,135,4,1451.90,4,4,5,445,VIP
5763,29,3,1450.77,2,5,5,255,At Risk
5030,117,5,1447.71,4,3,5,435,Regular
5522,306,2,1447.30,5,5,5,555,VIP
5973,38,5,1443.98,2,4,5,245,At Risk
5632,33,3,1441.95,2,5,5,255,At Risk
7192,49,5,1441.93,3,4,5,345,Loyal
6208,269,4,1441.02,5,4,5,545,VIP
6961,71,5,1440.36,3,3,5,335,Regular
6426,11,4,1438.52,1,4,5,145,At Risk
5641,142,3,1433.00,4,5,5,455,VIP
6251,46,4,1431.97,3,4,5,345,Loyal
6365,90,3,1431.40,4,5,5,455,VIP
5118,292,3,1430.69,5,5,5,555,VIP
5008,20,2,1429.46,1,5,5,155,At Risk
5285,99,2,1428.73,4,5,5,455,VIP
6301,19,3,1427.97,1,5,5,155,At Risk
5240,342,3,1426.20,5,5,5,555,VIP
5214,18,3,1424.20,1,5,5,155,At Risk
5766,90,6,1421.64,4,3,5,435,Regular
6008,11,5,1418.99,1,4,5,145,At Risk
5939,379,2,1416.95,5,5,5,555,VIP
7049,450,4,1413.47,5,4,5,545,VIP
7050,62,4,1409.25,3,4,5,345,Loyal
5733,302,3,1407.37,5,5,5,555,VIP
5754,59,2,1406.10,3,5,5,355,Loyal
7132,33,5,1405.52,2,4,5,245,At Risk
6755,269,5,1405.13,5,3,5,535,Regular
6830,28,4,1403.56,2,4,5,245,At Risk
6785,19,2,1402.15,1,5,5,155,At Risk
6046,71,3,1399.94,3,5,5,355,Loyal
5083,14,5,1398.32,1,4,5,145,At Risk
7408,157,3,1396.42,5,5,5,555,VIP
7357,54,5,1395.41,3,4,5,345,Loyal
6346,294,5,1394.87,5,3,5,535,Regular
6661,87,4,1392.71,4,5,5,455,VIP
7400,18,5,1390.43,1,3,5,135,At Risk
5176,501,3,1387.29,5,5,5,555,VIP
6893,93,3,1385.03,4,5,5,455,VIP
6525,24,4,1381.55,2,4,5,245,At Risk
7095,279,2,1376.23,5,5,5,555,VIP
5149,439,3,1375.05,5,5,5,555,VIP
6031,12,2,1372.25,1,5,5,155,At Risk
5876,25,4,1369.98,2,4,5,245,At Risk
5548,154,3,1369.18,5,5,5,555,VIP
5123,48,5,1365.14,3,4,5,345,Loyal
5986,104,3,1364.33,4,5,5,455,VIP
5263,114,4,1355.68,4,4,5,445,VIP
7274,88,3,1355.52,4,5,5,455,VIP
5550,61,3,1353.89,3,5,5,355,Loyal
7260,20,4,1353.19,1,4,5,145,At Risk
5467,13,4,1345.43,1,4,5,145,At Risk
7069,18,3,1344.12,1,5,5,155,At Risk
7480,52,4,1341.59,3,4,5,345,Loyal
6450,22,4,1337.19,2,4,5,245,At Risk
5178,116,4,1335.48,4,4,5,445,VIP
6207,62,2,1332.69,3,5,5,355,Loyal
5930,238,4,1332.06,5,4,5,545,VIP
5728,51,4,1321.56,3,4,5,345,Loyal
6756,75,3,1318.00,3,5,5,355,Loyal
6432,112,2,1316.19,4,5,5,455,VIP
5033,386,2,1305.06,5,5,5,555,VIP
6495,34,3,1304.21,2,5,5,255,At Risk
6760,23,1,1300.12,2,5,5,255,At Risk
7018,12,5,1300.07,1,4,5,145,At Risk
7227,318,4,1299.15,5,4,5,545,VIP
5617,151,4,1297.77,4,4,5,445,VIP
6615,61,5,1297.45,3,3,5,335,Regular
7362,514,3,1296.62,5,5,5,555,VIP
5035,239,3,1296.15,5,5,5,555,VIP
5341,337,3,1294.74,5,5,5,555,VIP
6840,14,3,1290.49,1,5,5,155,At Risk
5767,144,3,1288.96,4,5,5,455,VIP
6332,27,3,1288.91,2,5,5,255,At Risk
6280,41,2,1287.74,2,5,5,255,At Risk
6167,318,2,1287.27,5,5,5,555,VIP
7310,261,2,1285.49,5,5,5,555,VIP
6514,113,4,1283.93,4,4,5,445,VIP
5431,156,5,1279.18,5,3,5,535,Regular
5170,29,4,1279.05,2,4,5,245,At Risk
6953,36,6,1275.24,2,2,5,225,Churned
6829,14,3,1274.47,1,5,5,155,At Risk
6688,212,2,1273.51,5,5,5,555,VIP
6951,169,4,1268.77,5,4,5,545,VIP
5393,110,5,1268.26,4,3,5,435,Regular
5111,166,3,1267.92,5,5,5,555,VIP
6507,106,3,1266.91,4,5,5,455,VIP
6678,54,3,1261.75,3,5,5,355,Loyal
6014,31,3,1260.46,2,5,5,255,At Risk
5647,418,4,1260.28,5,4,5,545,VIP
5736,127,2,1259.31,4,5,5,455,VIP
6454,22,6,1251.35,2,3,5,235,At Risk
6721,134,3,1250.61,4,5,5,455,VIP
5394,22,3,1250.15,2,5,5,255,At Risk
5900,81,4,1249.76,4,5,5,455,VIP
6418,105,4,1245.49,4,5,5,455,VIP
5916,101,3,1242.35,4,5,5,455,VIP
6104,43,4,1234.77,2,4,5,245,At Risk
5130,121,5,1232.28,4,3,5,435,Regular
6440,130,3,1231.67,4,5,5,455,VIP
5010,19,1,1229.13,1,5,5,155,At Risk
5124,185,2,1214.84,5,5,5,555,VIP
7465,71,2,1208.94,3,5,5,355,Loyal
6408,453,2,1207.49,5,5,5,555,VIP
7191,75,3,1206.62,3,5,5,355,Loyal
5145,151,3,1198.78,4,5,5,455,VIP
6739,19,2,1192.95,1,5,5,155,At Risk
5894,330,4,1186.18,5,4,5,545,VIP
7112,151,4,1183.00,4,4,5,445,VIP
5989,227,5,1182.03,5,3,5,535,Regular
6530,254,3,1181.78,5,5,5,555,VIP
6388,476,1,1179.43,5,5,5,555,VIP
6777,212,3,1173.29,5,5,5,555,VIP
5899,67,4,1168.57,3,4,5,345,Loyal
5813,20,3,1167.19,1,5,5,155,At Risk
7020,207,2,1165.19,5,5,5,555,VIP
7299,102,3,1162.88,4,5,5,455,VIP
6461,40,3,1162.09,2,5,5,255,At Risk
5502,61,5,1160.23,3,3,5,335,Regular
6287,102,4,1159.22,4,5,5,455,VIP
6481,221,3,1157.28,5,5,5,555,VIP
5070,62,5,1155.62,3,3,5,335,Regular
5839,24,2,1155.60,2,5,5,255,At Risk
7475,221,4,1154.46,5,4,5,545,VIP
6305,275,3,1151.31,5,5,5,555,VIP
5359,189,3,1151.27,5,5,5,555,VIP
7278,12,4,1150.85,1,4,5,145,At Risk
5851,55,3,1148.57,3,5,5,355,Loyal
7467,31,3,1147.09,2,5,5,255,At Risk
6380,18,3,1146.92,1,5,5,155,At Risk
6772,64,1,1144.08,3,5,5,355,Loyal
5921,26,5,1142.02,2,4,5,245,At Risk
5331,399,1,1139.01,5,5,5,555,VIP
5908,28,3,1138.21,2,5,5,255,At Risk
5963,163,5,1137.70,5,3,5,535,Regular
7333,114,4,1128.18,4,4,5,445,VIP
6372,259,2,1118.65,5,5,5,555,VIP
5893,26,4,1113.91,2,4,5,245,At Risk
7029,147,7,1113.69,4,2,5,425,Regular
6713,32,4,1113.07,2,4,5,245,At Risk
7240,114,7,1109.22,4,2,5,425,Regular
5637,21,4,1109.04,1,4,5,145,At Risk
5695,56,2,1108.98,3,5,5,355,Loyal
5810,60,5,1106.56,3,3,5,335,Regular
5798,249,2,1106.49,5,5,5,555,VIP
5450,20,4,1105.53,1,4,5,145,At Risk
6946,370,2,1105.29,5,5,5,555,VIP
5841,39,3,1103.85,2,5,5,255,At Risk
6639,92,4,1102.30,4,5,5,455,VIP
6484,255,4,1101.25,5,4,5,545,VIP
6793,36,4,1100.70,2,4,5,245,At Risk
6987,69,4,1100.58,3,4,5,345,Loyal
5603,120,5,1097.49,4,3,5,435,Regular
6521,46,4,1083.53,3,4,5,345,Loyal
5315,69,2,1082.61,3,5,5,355,Loyal
5946,63,1,1080.47,3,5,5,355,Loyal
5880,52,4,1077.14,3,4,5,345,Loyal
6792,264,3,1074.34,5,5,5,555,VIP
5618,108,3,1069.83,4,5,5,455,VIP
6102,63,3,1065.92,3,5,5,355,Loyal
5537,223,4,1064.91,5,4,5,545,VIP
6618,101,3,1064.85,4,5,5,455,VIP
7401,305,4,1064.28,5,4,5,545,VIP
6546,12,4,1059.05,1,4,5,145,At Risk
7268,82,3,1057.76,4,5,5,455,VIP
5297,151,3,1057.22,4,5,5,455,VIP
6216,350,3,1055.71,5,5,5,555,VIP
5259,62,4,1051.24,3,4,5,345,Loyal
5998,37,6,1050.20,2,2,5,225,Churned
5962,355,3,1047.63,5,5,5,555,VIP
5538,96,2,1046.29,4,5,5,455,VIP
6698,66,3,1044.95,3,5,5,355,Loyal
6670,188,4,1044.55,5,4,5,545,VIP
6094,21,3,1043.77,1,5,5,155,At Risk
6114,33,4,1039.79,2,4,5,245,At Risk
6242,41,6,1037.07,2,2,5,225,Churned
6697,94,2,1032.69,4,5,5,455,VIP
5446,251,4,1031.54,5,4,5,545,VIP
5212,326,3,1031.10,5,5,5,555,VIP
5837,140,3,1022.66,4,5,5,455,VIP
6200,12,2,1021.19,1,5,5,155,At Risk
5653,41,2,1018.37,2,5,5,255,At Risk
6608,175,3,1014.05,5,5,5,555,VIP
6779,39,2,1010.43,2,5,5,255,At Risk
5947,89,4,1008.06,4,4,5,445,VIP
6838,239,2,1006.91,5,5,5,555,VIP
6801,23,3,1006.64,2,5,5,255,At Risk
6238,370,3,1003.51,5,5,5,555,VIP
6493,112,5,1003.14,4,3,5,435,Regular
7328,201,3,1001.19,5,5,5,555,VIP
6519,32,2,1000.87,2,5,5,255,At Risk
5246,109,1,992.59,4,5,5,455,VIP
6382,23,2,991.89,2,5,5,255,At Risk
7052,55,4,975.36,3,4,5,345,Loyal
6709,48,3,971.81,3,5,5,355,Loyal
7495,169,3,964.64,5,5,5,555,VIP
5045,267,3,962.51,5,5,5,555,VIP
5556,249,3,962.43,5,5,5,555,VIP
7487,46,3,960.28,3,5,5,355,Loyal
6510,395,3,949.96,5,5,5,555,VIP
6587,59,2,941.41,3,5,5,355,Loyal
7099,236,2,937.81,5,5,5,555,VIP
6965,70,3,937.01,3,5,5,355,Loyal
5036,99,4,929.86,4,5,5,455,VIP
6230,15,4,929.67,1,4,5,145,At Risk
5353,17,4,922.75,1,4,5,145,At Risk
5427,133,2,922.40,4,5,5,455,VIP
5564,245,2,920.99,5,5,5,555,VIP
6005,39,2,913.67,2,5,5,255,At Risk
6105,275,3,913.32,5,5,5,555,VIP
5614,48,3,908.48,3,5,5,355,Loyal
5748,295,2,908.40,5,5,5,555,VIP
7205,117,3,903.80,4,5,5,455,VIP
6258,111,1,901.65,4,5,5,455,VIP
5260,124,4,895.02,4,4,5,445,VIP
7065,262,2,894.51,5,5,5,555,VIP
6456,165,2,889.52,5,5,5,555,VIP
6736,587,3,888.91,5,5,5,555,VIP
6954,44,3,872.10,3,5,5,355,Loyal
5290,87,6,869.66,4,3,5,435,Regular
5558,20,3,861.84,1,5,5,155,At Risk
7006,123,2,860.42,4,5,5,455,VIP
7165,571,1,857.88,5,5,5,555,VIP
6381,104,4,856.83,4,5,5,455,VIP
7349,440,1,850.71,5,5,5,555,VIP
7213,95,1,846.16,4,5,5,455,VIP
6560,112,3,843.00,4,5,5,455,VIP
6541,110,2,842.83,4,5,5,455,VIP
6992,549,2,842.26,5,5,5,555,VIP
6358,207,2,841.94,5,5,5,555,VIP
6586,160,2,837.95,5,5,5,555,VIP
6482,140,2,834.37,4,5,5,455,VIP
5765,80,4,829.67,4,5,5,455,VIP
7040,151,3,827.86,4,5,5,455,VIP
7458,299,1,827.16,5,5,5,555,VIP
6288,15,3,824.26,1,5,5,155,At Risk
5434,140,4,822.33,4,4,5,445,VIP
7048,92,3,822.06,4,5,5,455,VIP
5276,156,3,820.02,5,5,5,555,VIP
5317,25,4,818.54,2,4,5,245,At Risk
7430,46,3,818.36,3,5,5,355,Loyal
7231,176,3,817.94,5,5,5,555,VIP
5731,545,3,814.63,5,5,5,555,VIP
6384,133,1,814.30,4,5,5,455,VIP
6071,79,1,807.34,3,5,5,355,Loyal
6580,12,3,802.96,1,5,5,155,At Risk
5779,14,5,792.42,1,4,5,145,At Risk
5069,517,2,788.83,5,5,5,555,VIP
7151,675,1,788.41,5,5,5,555,VIP
6589,58,3,785.79,3,5,5,355,Loyal
5891,114,2,780.97,4,5,5,455,VIP
6470,26,4,778.99,2,4,5,245,At Risk
6232,26,2,773.51,2,5,5,255,At Risk
6870,66,2,759.23,3,5,5,355,Loyal
5772,153,2,758.60,4,5,5,455,VIP
5487,152,2,753.44,4,5,5,455,VIP
7273,348,2,750.14,5,5,5,555,VIP
6466,133,2,744.34,4,5,5,455,VIP
6859,237,4,742.65,5,4,5,545,VIP
5723,16,5,735.36,1,4,5,145,At Risk
7383,62,3,731.28,3,5,5,355,Loyal
6831,64,3,726.72,3,5,5,355,Loyal
5492,185,2,724.95,5,5,5,555,VIP
7371,139,2,723.91,4,5,5,455,VIP
6986,101,2,719.34,4,5,5,455,VIP
5133,176,3,708.95,5,5,5,555,VIP
5694,548,1,706.24,5,5,5,555,VIP
5994,59,2,703.88,3,5,5,355,Loyal
5507,49,3,687.28,3,5,5,355,Loyal
6719,239,4,687.27,5,4,5,545,VIP
6656,178,1,686.61,5,5,5,555,VIP
5397,153,3,685.79,5,5,5,555,VIP
6644,150,1,684.48,4,5,5,455,VIP
6038,706,1,676.79,5,5,5,555,VIP
5106,130,2,674.25,4,5,5,455,VIP
6299,745,3,671.39,5,5,5,555,VIP
6459,54,2,665.17,3,5,5,355,Loyal
7208,109,4,662.23,4,5,5,455,VIP
5066,69,5,661.23,3,3,5,335,Regular
6202,214,3,660.97,5,5,5,555,VIP
5619,555,1,646.83,5,5,5,555,VIP
6788,345,1,646.72,5,5,5,555,VIP
7373,496,3,646.41,5,5,5,555,VIP
6117,21,4,632.51,1,4,5,145,At Risk
6197,195,2,631.68,5,5,5,555,VIP
5819,69,6,627.36,3,3,5,335,Regular
5059,27,1,626.84,2,5,5,255,At Risk
5807,469,2,623.37,5,5,5,555,VIP
7281,311,2,607.25,5,5,5,555,VIP
6856,646,2,604.41,5,5,5,555,VIP
7085,96,1,595.90,4,5,5,455,VIP
6376,16,2,588.83,1,5,5,155,At Risk
5882,45,4,587.55,3,4,5,345,Loyal
6015,457,1,582.96,5,5,5,555,VIP
6142,264,3,573.47,5,5,5,555,VIP
5372,21,3,570.63,1,5,5,155,At Risk
6406,194,2,563.31,5,5,5,555,VIP
6710,37,3,547.87,2,5,5,255,At Risk
5701,472,3,534.10,5,5,5,555,VIP
6722,65,5,531.66,3,3,5,335,Regular
5063,76,3,527.23,3,5,5,355,Loyal
6227,43,2,525.67,2,5,5,255,At Risk
6500,23,3,524.13,2,5,5,255,At Risk
5793,34,5,507.95,2,4,5,245,At Risk
7027,368,2,499.11,5,5,5,555,VIP
6407,30,2,495.22,2,5,5,255,At Risk
7381,43,1,490.56,2,5,5,255,At Risk
5187,88,1,490.44,4,5,5,455,VIP
5751,124,3,487.78,4,5,5,455,VIP
5293,103,2,485.42,4,5,5,455,VIP
6663,111,1,484.08,4,5,5,455,VIP
5607,42,4,473.66,2,4,5,245,At Risk
5308,54,1,469.75,3,5,5,355,Loyal
5817,406,3,468.51,5,5,5,555,VIP
5497,176,2,464.16,5,5,5,555,VIP
7291,61,2,453.71,3,5,5,355,Loyal
6517,79,3,422.94,3,5,5,355,Loyal
6318,32,3,416.77,2,5,5,255,At Risk
7399,218,2,404.84,5,5,5,555,VIP
6638,60,3,402.63,3,5,5,355,Loyal
7384,60,2,398.25,3,5,5,355,Loyal
5054,262,1,392.60,5,5,5,555,VIP
5357,17,3,386.70,1,5,5,155,At Risk
5055,42,3,371.08,2,5,5,255,At Risk
5402,492,2,369.79,5,5,5,555,VIP
5784,510,1,368.17,5,5,5,555,VIP
5488,526,3,365.02,5,5,5,555,VIP
5046,32,5,357.25,2,4,5,245,At Risk
6827,242,1,340.53,5,5,5,555,VIP
6796,13,3,312.80,1,5,5,155,At Risk
6968,267,3,308.94,5,5,5,555,VIP
7302,27,2,301.41,2,5,5,255,At Risk
5675,357,2,287.33,5,5,5,555,VIP
7284,37,2,251.87,2,5,5,255,At Risk
5588,238,2,235.86,5,5,5,555,VIP
5058,562,1,221.55,5,5,5,555,VIP
6975,229,2,220.84,5,5,5,555,VIP
6523,241,2,190.95,5,5,5,555,VIP
7177,52,3,180.98,3,5,5,355,Loyal
6874,275,1,179.66,5,5,5,555,VIP
5671,159,1,175.92,5,5,5,555,VIP
6681,298,1,175.76,5,5,5,555,VIP
5562,85,1,159.77,4,5,5,455,VIP
6341,58,3,151.86,3,5,5,355,Loyal
5047,167,1,148.10,5,5,5,555,VIP
7088,134,3,134.92,4,5,5,455,VIP
5761,186,1,132.02,5,5,5,555,VIP
6269,226,2,124.23,5,5,5,555,VIP
5523,130,2,111.54,4,5,5,455,VIP
6306,385,1,99.42,5,5,5,555,VIP
6492,307,3,88.71,5,5,5,555,VIP
7379,235,3,88.40,5,5,5,555,VIP
6689,287,1,69.91,5,5,5,555,VIP
6844,59,2,67.14,3,5,5,355,Loyal
5461,151,1,67.10,4,5,5,455,VIP
7471,152,1,0.00,4,5,5,455,VIP
5020,146,1,0.00,4,5,5,455,VIP
5065,615,1,0.00,5,5,5,555,VIP
7280,NULL,0,NULL,1,5,5,155,At Risk
7035,NULL,0,NULL,1,5,5,155,At Risk
6855,NULL,0,NULL,1,5,5,155,At Risk
